ttf_name,date_start,symbol,weight
Airlines,2015-01-01,DAL,
Airlines,2015-01-01,LUV,
Airlines,2015-01-01,RYAAY,
Airlines,2015-01-01,UAL,
Airlines,2015-01-01,AAL,
Airlines,2015-01-01,ALK,
Airlines,2015-01-01,JBLU,
Airlines,2015-01-01,SAVE,
Airlines,2015-01-01,ULCC,
Airlines,2015-01-01,SKYW,
Airlines,2015-01-01,HA,
Big Tech,2015-01-01,AAPL,
Big Tech,2015-01-01,MSFT,
Big Tech,2015-01-01,GOOG,
Big Tech,2015-01-01,AMZN,
Big Tech,2015-01-01,FB,
Big Tech,2015-01-01,TSM,
Big Tech,2015-01-01,NVDA,
Big Tech,2015-01-01,BABA,
Big Tech,2015-01-01,AVGO,
Big Tech,2015-01-01,ASML,
Big Tech,2015-01-01,CSCO,
Big Tech,2015-01-01,ORCL,
Big Tech,2015-01-01,INTC,
Big Tech,2015-01-01,ADBE,
Big Tech,2015-01-01,CRM,
Big Tech,2015-01-01,TXN,
Big Tech,2015-01-01,QCOM,
Big Tech,2015-01-01,AMD,
Big Tech,2015-01-01,IBM,
Cannabis,2015-01-01,TLRY,
Cannabis,2015-01-01,CGC,
Cannabis,2015-01-01,CRON,
Cannabis,2015-01-01,ACB,
Cannabis,2015-01-01,VFF,
3D printing,2015-01-01,DDD,
3D printing,2015-01-01,SSYS,
3D printing,2015-01-01,DM,
3D printing,2015-01-01,MTLS,
3D printing,2015-01-01,VLD,
3D printing,2015-01-01,MKFG,
Agricultural Inputs,2015-01-01,NTR,
Agricultural Inputs,2015-01-01,CTVA,
Agricultural Inputs,2015-01-01,MOS,
Agricultural Inputs,2015-01-01,CF,
Agricultural Inputs,2015-01-01,FMC,
Agricultural Inputs,2015-01-01,UAN,
Agricultural Inputs,2015-01-01,AGRO,
Agricultural Inputs,2015-01-01,IPI,
Agricultural Inputs,2015-01-01,AVD,
Analytics and BI Platforms,2015-01-01,ORCL,
Analytics and BI Platforms,2015-01-01,IBM,
Analytics and BI Platforms,2015-01-01,SAP,
Analytics and BI Platforms,2015-01-01,SPLK,
Analytics and BI Platforms,2015-01-01,ZEN,
Analytics and BI Platforms,2015-01-01,AYX,
Analytics and BI Platforms,2015-01-01,DOMO,
AI and Machine learning,2015-01-01,MSFT,
AI and Machine learning,2015-01-01,GOOGL,
AI and Machine learning,2015-01-01,AMZN,
AI and Machine learning,2015-01-01,FB,
AI and Machine learning,2015-01-01,TSM,
AI and Machine learning,2015-01-01,NVDA,
AI and Machine learning,2015-01-01,BABA,
AI and Machine learning,2015-01-01,INTC,
AI and Machine learning,2015-01-01,QCOM,
AI and Machine learning,2015-01-01,IBM,
AI and Machine learning,2015-01-01,BIDU,
Banking,2015-01-01,JPM,
Banking,2015-01-01,BAC,
Banking,2015-01-01,WFC,
Banking,2015-01-01,MS,
Banking,2015-01-01,RY,
Banking,2015-01-01,TD,
Banking,2015-01-01,HSBC,
Banking,2015-01-01,GS,
Banking,2015-01-01,HDB,
Banking,2015-01-01,C,
Banking,2015-01-01,BNS,
Banking,2015-01-01,USB,
Banking,2015-01-01,COF,
Banking,2015-01-01,CM,
Banking,2015-01-01,BSBR,
Banking,2015-01-01,LYG,
Banking,2015-01-01,ING,
Banking,2015-01-01,BCS,
Banking,2015-01-01,NU,
Banking,2015-01-01,DB,
Banking,2015-01-01,CS,
Banking,2015-01-01,EWBC,
CRISPR / Gene editing,2015-01-01,VRTX,
CRISPR / Gene editing,2015-01-01,SRPT,
CRISPR / Gene editing,2015-01-01,APLS,
CRISPR / Gene editing,2015-01-01,CRSP,
CRISPR / Gene editing,2015-01-01,NTLA,
CRISPR / Gene editing,2015-01-01,BEAM,
CRISPR / Gene editing,2015-01-01,ALLO,
CRISPR / Gene editing,2015-01-01,EDIT,
CRISPR / Gene editing,2015-01-01,VERV,
Vaccines companies,2015-01-01,JNJ,
Vaccines companies,2015-01-01,PFE,
Vaccines companies,2015-01-01,AZN,
Vaccines companies,2015-01-01,MRNA,
Vaccines companies,2015-01-01,BNTX,
Vaccines companies,2015-01-01,NVAX,
IT Cloud Infrastructure,2015-01-01,MSFT,
IT Cloud Infrastructure,2015-01-01,GOOGL,
IT Cloud Infrastructure,2015-01-01,AMZN,
IT Cloud Infrastructure,2015-01-01,BABA,
IT Cloud Infrastructure,2015-01-01,ORCL,
IT Cloud Infrastructure,2015-01-01,IBM,
IT Cloud Infrastructure,2015-01-01,VMW,
IT Cloud Infrastructure,2015-01-01,LUMN,
Crypto Exchanges,2015-01-01,COIN,
Crypto Exchanges,2015-01-01,IBKR,
Crypto Exchanges,2015-01-01,HOOD,
Cryptocurrencies mining,2015-01-01,MARA,
Cryptocurrencies mining,2015-01-01,RIOT,
Cryptocurrencies mining,2015-01-01,CAN,
Cryptocurrencies mining,2015-01-01,HUT,
Cryptocurrencies mining,2015-01-01,IREN,
Cryptocurrencies mining,2015-01-01,ARBK,
Cryptocurrencies mining,2015-01-01,WULF,
Cryptocurrencies mining,2015-01-01,SDIG,
E-Commerce platforms,2015-01-01,CRM,
E-Commerce platforms,2015-01-01,SAP,
E-Commerce platforms,2015-01-01,SHOP,
E-Commerce platforms,2015-01-01,BIGC,
E-Commerce platforms,2015-01-01,VTEX,
Food retail chains,2015-01-01,WMT,
Food retail chains,2015-01-01,COST,
Food retail chains,2015-01-01,TGT,
Food retail chains,2015-01-01,DG,
Food retail chains,2015-01-01,KR,
Food retail chains,2015-01-01,WBA,
Food retail chains,2015-01-01,DLTR,
Food retail chains,2015-01-01,ACI,
Food retail chains,2015-01-01,SFM,
Food retail chains,2015-01-01,UNFI,
Food retail chains,2015-01-01,PSMT,
Food retail chains,2015-01-01,SPTN,
EdTech,2015-01-01,LOPE,
EdTech,2015-01-01,CHGG,
EdTech,2015-01-01,COUR,
EdTech,2015-01-01,LRN,
EdTech,2015-01-01,UDMY,
EdTech,2015-01-01,ARCE,
Electric vehicles (EV),2015-01-01,TSLA,
Electric vehicles (EV),2015-01-01,NIO,
Electric vehicles (EV),2015-01-01,LCID,
Electric vehicles (EV),2015-01-01,RIVN,
Electric vehicles (EV),2015-01-01,XPEV,
Electric vehicles (EV),2015-01-01,NKLA,
Electric vehicles (EV),2015-01-01,FSR,
Electric vehicles (EV),2015-01-01,ARVL,
Electric vehicles (EV),2015-01-01,GOEV,
Electric vehicles battery tech,2015-01-01,QS,
Electric vehicles battery tech,2015-01-01,MVST,
Electric vehicles charging,2015-01-01,CHPT,
Electric vehicles charging,2015-01-01,EVGO,
Electric vehicles charging,2015-01-01,ALLG,
Electric vehicles charging,2015-01-01,WBX,
Electric vehicles charging,2015-01-01,BLNK,
Electric vehicles charging,2015-01-01,VLTA,
Electric vehicles charging,2015-01-01,BEEM,
Food Producers,2015-01-01,UL,
Food Producers,2015-01-01,MDLZ,
Food Producers,2015-01-01,ADM,
Food Producers,2015-01-01,KHC,
Food Producers,2015-01-01,HSY,
Food Producers,2015-01-01,GIS,
Food Producers,2015-01-01,TSN,
Food Producers,2015-01-01,HRL,
Food Producers,2015-01-01,MKC,
Food Producers,2015-01-01,K,
Food Producers,2015-01-01,CAG,
Food Producers,2015-01-01,SJM,
Food Producers,2015-01-01,CPB,
Food Producers,2015-01-01,LW,
Food Producers,2015-01-01,FLO,
Food Producers,2015-01-01,POST,
Food Producers,2015-01-01,FRPT,
Food Producers,2015-01-01,LANC,
Food Producers,2015-01-01,SMPL,
Food Producers,2015-01-01,NOMD,
Food Producers,2015-01-01,BRFS,
Food Producers,2015-01-01,TWNK,
Food Producers,2015-01-01,HAIN,
Food Producers,2015-01-01,JJSF,
FinTech,2015-01-01,INTU,
FinTech,2015-01-01,PYPL,
FinTech,2015-01-01,FISV,
FinTech,2015-01-01,SQ,
FinTech,2015-01-01,WDAY,
FinTech,2015-01-01,COIN,
FinTech,2015-01-01,NU,
FinTech,2015-01-01,BILL,
FinTech,2015-01-01,AFRM,
FinTech,2015-01-01,NVEI,
FinTech,2015-01-01,HOOD,
FinTech,2015-01-01,UPST,
FinTech,2015-01-01,SOFI,
Furniture and decor,2015-01-01,WSM,
Furniture and decor,2015-01-01,RH,
Furniture and decor,2015-01-01,W,
Furniture and decor,2015-01-01,LEG,
Furniture and decor,2015-01-01,HNI,
Furniture and decor,2015-01-01,LZB,
Furniture and decor,2015-01-01,BBBY,
Furniture and decor,2015-01-01,SNBR,
Furniture and decor,2015-01-01,AMWD,
Furniture and decor,2015-01-01,BSET,
Video game industry,2015-01-01,ATVI,
Video game industry,2015-01-01,NTES,
Video game industry,2015-01-01,EA,
Video game industry,2015-01-01,RBLX,
Video game industry,2015-01-01,TTWO,
Video game industry,2015-01-01,ZNGA,
Video game industry,2015-01-01,PLTK,
Video game industry,2015-01-01,HUYA,
Video game industry,2015-01-01,SCPL,
Advanced Materials,2015-01-01,HUN,
Advanced Materials,2015-01-01,ROG,
Advanced Materials,2015-01-01,AVNT,
Advanced Materials,2015-01-01,HXL,
Advanced Materials,2015-01-01,TSE,
Advanced Materials,2015-01-01,PCT,
Ukrainian led companies,2015-01-01,PYPL,
Ukrainian led companies,2015-01-01,AFRM,
Ukrainian led companies,2015-01-01,GTLB,
Hotels and resorts,2015-01-01,MAR,
Hotels and resorts,2015-01-01,HLT,
Hotels and resorts,2015-01-01,LVS,
Hotels and resorts,2015-01-01,MGM,
Hotels and resorts,2015-01-01,CZR,
Hotels and resorts,2015-01-01,IHG,
Hotels and resorts,2015-01-01,H,
Hotels and resorts,2015-01-01,HTHT,
Hotels and resorts,2015-01-01,WH,
Hotels and resorts,2015-01-01,CHH,
Hotels and resorts,2015-01-01,WYNN,
Hotels and resorts,2015-01-01,VAC,
Hotels and resorts,2015-01-01,HGV,
Hotels and resorts,2015-01-01,TNL,
Hotels and resorts,2015-01-01,MLCO,
Hotels and resorts,2015-01-01,RRR,
Hotels and resorts,2015-01-01,PLYA,
Hotels and resorts,2015-01-01,MCRI,
Hotels and resorts,2015-01-01,CNTY,
Gambling and betting,2015-01-01,LVS,
Gambling and betting,2015-01-01,MGM,
Gambling and betting,2015-01-01,CZR,
Gambling and betting,2015-01-01,WYNN,
Gambling and betting,2015-01-01,CHDN,
Gambling and betting,2015-01-01,BYD,
Gambling and betting,2015-01-01,PENN,
Gambling and betting,2015-01-01,DKNG,
Gambling and betting,2015-01-01,SGMS,
Gambling and betting,2015-01-01,IGT,
Gambling and betting,2015-01-01,MLCO,
Gambling and betting,2015-01-01,RRR,
Gambling and betting,2015-01-01,EVRI,
Gambling and betting,2015-01-01,BALY,
Gambling and betting,2015-01-01,RSI,
Gambling and betting,2015-01-01,GDEN,
Gambling and betting,2015-01-01,MCRI,
Gambling and betting,2015-01-01,ACEL,
Internet Infrastructure,2015-01-01,CSCO,
Internet Infrastructure,2015-01-01,FTNT,
Internet Infrastructure,2015-01-01,ANET,
Internet Infrastructure,2015-01-01,NET,
Internet Infrastructure,2015-01-01,VRSN,
Internet Infrastructure,2015-01-01,AKAM,
Internet Infrastructure,2015-01-01,UI,
Internet Infrastructure,2015-01-01,GDDY,
Internet Infrastructure,2015-01-01,JNPR,
Internet Infrastructure,2015-01-01,FFIV,
Internet Infrastructure,2015-01-01,CIEN,
Internet Infrastructure,2015-01-01,SWCH,
Internet Infrastructure,2015-01-01,LITE,
Internet Infrastructure,2015-01-01,GDS,
Internet Infrastructure,2015-01-01,VIAV,
Internet Infrastructure,2015-01-01,NTCT,
Internet Infrastructure,2015-01-01,RXT,
Internet Infrastructure,2015-01-01,RDWR,
Internet Infrastructure,2015-01-01,ATEN,
Internet Infrastructure,2015-01-01,NTGR,
IT Infrastructure Monitoring Tools,2015-01-01,VMW,
IT Infrastructure Monitoring Tools,2015-01-01,DDOG,
IT Infrastructure Monitoring Tools,2015-01-01,DT,
IT Infrastructure Monitoring Tools,2015-01-01,NEWR,
IT Infrastructure Monitoring Tools,2015-01-01,SWI,
Car sales,2015-01-01,CPRT,
Car sales,2015-01-01,KMX,
Car sales,2015-01-01,LAD,
Car sales,2015-01-01,PAG,
Car sales,2015-01-01,AN,
Car sales,2015-01-01,IAA,
Car sales,2015-01-01,ABG,
Car sales,2015-01-01,RUSHA,
Car sales,2015-01-01,GPI,
Car sales,2015-01-01,SAH,
Car sales,2015-01-01,CWH,
Car sales,2015-01-01,CARS,
Car sales,2015-01-01,LAZY,
Autoparts,2015-01-01,APTV,
Autoparts,2015-01-01,LKQ,
Autoparts,2015-01-01,BWA,
Autoparts,2015-01-01,LEA,
Autoparts,2015-01-01,GNTX,
Autoparts,2015-01-01,QS,
Autoparts,2015-01-01,GT,
Autoparts,2015-01-01,ALSN,
Autoparts,2015-01-01,ADNT,
Autoparts,2015-01-01,DORM,
Autoparts,2015-01-01,VC,
Autoparts,2015-01-01,MTOR,
Autoparts,2015-01-01,THRM,
Autoparts,2015-01-01,DAN,
Autoparts,2015-01-01,MNRO,
Autoparts,2015-01-01,TEN,
Autoparts,2015-01-01,XPEL,
Autoparts,2015-01-01,AXL,
Autoparts,2015-01-01,PLOW,
Autoparts,2015-01-01,AEVA,
Autoparts,2015-01-01,HYLN,
Autoparts,2015-01-01,SRI,
Autoparts,2015-01-01,GTX,
Autoparts,2015-01-01,MOD,
Autoparts,2015-01-01,CVGI,
Autoparts,2015-01-01,KNDI,
Construction materials,2015-01-01,CARR,
Construction materials,2015-01-01,VMC,
Construction materials,2015-01-01,MLM,
Construction materials,2015-01-01,CSL,
Construction materials,2015-01-01,MAS,
Construction materials,2015-01-01,BLDR,
Construction materials,2015-01-01,OC,
Construction materials,2015-01-01,WMS,
Construction materials,2015-01-01,TREX,
Construction materials,2015-01-01,BLD,
Construction materials,2015-01-01,LPX,
Construction materials,2015-01-01,EXP,
Construction materials,2015-01-01,SSD,
Construction materials,2015-01-01,BECN,
Construction materials,2015-01-01,AWI,
Construction materials,2015-01-01,SUM,
Construction materials,2015-01-01,AZEK,
Construction materials,2015-01-01,CNR,
Construction materials,2015-01-01,AAON,
Construction materials,2015-01-01,IBP,
Construction materials,2015-01-01,GMS,
Construction materials,2015-01-01,JELD,
Construction materials,2015-01-01,DOOR,
Construction materials,2015-01-01,SWIM,
Construction materials,2015-01-01,ROCK,
Construction materials,2015-01-01,TGLS,
Construction materials,2015-01-01,PGTI,
Construction materials,2015-01-01,APOG,
Construction materials,2015-01-01,ASPN,
Construction materials,2015-01-01,NX,
Construction materials,2015-01-01,BXC,
Residential Construction,2015-01-01,DHI,
Residential Construction,2015-01-01,LEN-B,
Residential Construction,2015-01-01,LEN,
Residential Construction,2015-01-01,PHM,
Residential Construction,2015-01-01,TOL,
Residential Construction,2015-01-01,TMHC,
Residential Construction,2015-01-01,MTH,
Residential Construction,2015-01-01,KBH,
Residential Construction,2015-01-01,SKY,
Residential Construction,2015-01-01,MDC,
Residential Construction,2015-01-01,LGIH,
Residential Construction,2015-01-01,TPH,
Residential Construction,2015-01-01,CCS,
Residential Construction,2015-01-01,MHO,
Residential Construction,2015-01-01,GRBK,
Residential Construction,2015-01-01,BZH,
Government and Commercial Construction,2015-01-01,JCI,
Government and Commercial Construction,2015-01-01,MTZ,
Government and Commercial Construction,2015-01-01,FLR,
Government and Commercial Construction,2015-01-01,GVA,
Government and Commercial Construction,2015-01-01,ROAD,
Government and Commercial Construction,2015-01-01,PRIM,
Government and Commercial Construction,2015-01-01,GLDD,
Government and Commercial Construction,2015-01-01,STRL,
Government and Commercial Construction,2015-01-01,AGX,
Government and Commercial Construction,2015-01-01,TPC,
Government and Commercial Construction,2015-01-01,MTRX,
Government and Commercial Construction,2015-01-01,AGFY,
Copper mining,2015-01-01,BHP,
Copper mining,2015-01-01,FCX,
Copper mining,2015-01-01,SCCO,
REIT Diversified,2015-01-01,VICI,
REIT Diversified,2015-01-01,WPC,
REIT Diversified,2015-01-01,STOR,
REIT Diversified,2015-01-01,SRC,
REIT Diversified,2015-01-01,DBRG,
REIT Diversified,2015-01-01,BNL,
REIT Diversified,2015-01-01,EPRT,
REIT Diversified,2015-01-01,AAT,
REIT Diversified,2015-01-01,SAFE,
REIT Diversified,2015-01-01,ESRT,
REIT Diversified,2015-01-01,UE,
REIT Diversified,2015-01-01,APTS,
REIT Diversified,2015-01-01,ALEX,
REIT Diversified,2015-01-01,GNL,
REIT Diversified,2015-01-01,STAR,
REIT Diversified,2015-01-01,AHH,
REIT Diversified,2015-01-01,BRSP,
REIT Diversified,2015-01-01,GOOD,
REIT Industrial,2015-01-01,PLD,
REIT Industrial,2015-01-01,PSA,
REIT Industrial,2015-01-01,EXR,
REIT Industrial,2015-01-01,DRE,
REIT Industrial,2015-01-01,REXR,
REIT Industrial,2015-01-01,CUBE,
REIT Industrial,2015-01-01,LSI,
REIT Industrial,2015-01-01,EGP,
REIT Industrial,2015-01-01,FR,
REIT Industrial,2015-01-01,NSA,
REIT Industrial,2015-01-01,COLD,
REIT Industrial,2015-01-01,STAG,
REIT Industrial,2015-01-01,TRNO,
REIT Industrial,2015-01-01,IIPR,
REIT Industrial,2015-01-01,LXP,
REIT Industrial,2015-01-01,LAND,
REIT Industrial,2015-01-01,ILPT,
REIT Industrial,2015-01-01,PLYM,
REIT Office,2015-01-01,ARE,
REIT Office,2015-01-01,BXP,
REIT Office,2015-01-01,KRC,
REIT Office,2015-01-01,VNO,
REIT Office,2015-01-01,DEI,
REIT Office,2015-01-01,CUZ,
REIT Office,2015-01-01,SLG,
REIT Office,2015-01-01,HIW,
REIT Office,2015-01-01,HPP,
REIT Office,2015-01-01,DEA,
REIT Office,2015-01-01,JBGS,
REIT Office,2015-01-01,OFC,
REIT Office,2015-01-01,EQC,
REIT Office,2015-01-01,PGRE,
REIT Office,2015-01-01,WRE,
REIT Office,2015-01-01,BDN,
REIT Office,2015-01-01,PDM,
REIT Office,2015-01-01,OPI,
REIT Office,2015-01-01,ONL,
REIT Office,2015-01-01,CIO,
REIT Office,2015-01-01,FSP,
REIT Office,2015-01-01,PSTL,
REIT Residential,2015-01-01,AVB,
REIT Residential,2015-01-01,EQR,
REIT Residential,2015-01-01,UDR,
REIT Residential,2015-01-01,INVH,
REIT Residential,2015-01-01,MAA,
REIT Residential,2015-01-01,ESS,
REIT Residential,2015-01-01,SUI,
REIT Residential,2015-01-01,ACC,
REIT Residential,2015-01-01,CPT,
REIT Residential,2015-01-01,AMH,
REIT Residential,2015-01-01,ELS,
REIT Residential,2015-01-01,AIRC,
REIT Residential,2015-01-01,IRT,
REIT Residential,2015-01-01,NXRT,
REIT Residential,2015-01-01,VRE,
REIT Residential,2015-01-01,UMH,
REIT Residential,2015-01-01,AIV,
REIT Retail,2015-01-01,SPG,
REIT Retail,2015-01-01,O,
REIT Retail,2015-01-01,KIM,
REIT Retail,2015-01-01,REG,
REIT Retail,2015-01-01,FRT,
REIT Retail,2015-01-01,NNN,
REIT Retail,2015-01-01,BRX,
REIT Retail,2015-01-01,ADC,
REIT Retail,2015-01-01,KRG,
REIT Retail,2015-01-01,PECO,
REIT Retail,2015-01-01,SITC,
REIT Retail,2015-01-01,MAC,
REIT Retail,2015-01-01,ROIC,
REIT Retail,2015-01-01,AKR,
REIT Retail,2015-01-01,SKT,
REIT Retail,2015-01-01,GTY,
REIT Retail,2015-01-01,RPT,
REIT Retail,2015-01-01,NTST,
REIT Retail,2015-01-01,UBA,
REIT Retail,2015-01-01,WSR,
REIT Retail,2015-01-01,SRG,
Power & Gas Utilities,2015-01-01,NEE,
Power & Gas Utilities,2015-01-01,DUK,
Power & Gas Utilities,2015-01-01,SO,
Power & Gas Utilities,2015-01-01,D,
Power & Gas Utilities,2015-01-01,AEP,
Power & Gas Utilities,2015-01-01,XEL,
Power & Gas Utilities,2015-01-01,ED,
Power & Gas Utilities,2015-01-01,WEC,
Power & Gas Utilities,2015-01-01,ES,
Power & Gas Utilities,2015-01-01,EIX,
Power & Gas Utilities,2015-01-01,DTE,
Power & Gas Utilities,2015-01-01,FE,
Power & Gas Utilities,2015-01-01,PCG,
Power & Gas Utilities,2015-01-01,ETR,
Power & Gas Utilities,2015-01-01,AEE,
Power & Gas Utilities,2015-01-01,PPL,
Power & Gas Utilities,2015-01-01,CMS,
Power & Gas Utilities,2015-01-01,CNP,
Power & Gas Utilities,2015-01-01,AGR,
Power & Gas Utilities,2015-01-01,EVRG,
Power & Gas Utilities,2015-01-01,LNT,
Power & Gas Utilities,2015-01-01,VST,
Power & Gas Utilities,2015-01-01,NRG,
Power & Gas Utilities,2015-01-01,PNW,
Power & Gas Utilities,2015-01-01,OGE,
Power & Gas Utilities,2015-01-01,IDA,
Power & Gas Utilities,2015-01-01,POR,
Power & Gas Utilities,2015-01-01,PNM,
Gold mining,2015-01-01,NEM,
Gold mining,2015-01-01,GOLD,
Gold mining,2015-01-01,KGC,
Gold mining,2015-01-01,AUY,
Gold mining,2015-01-01,SSRM,
Gold mining,2015-01-01,HL,
Gold mining,2015-01-01,NG,
Gold mining,2015-01-01,CDE,
Natural gas,2015-01-01,XOM,
Natural gas,2015-01-01,CVX,
Natural gas,2015-01-01,COP,
Natural gas,2015-01-01,BP,
Natural gas,2015-01-01,EOG,
Natural gas,2015-01-01,OXY,
Natural gas,2015-01-01,DVN,
Natural gas,2015-01-01,HES,
Natural gas,2015-01-01,CLR,
Natural gas,2015-01-01,MRO,
Natural gas,2015-01-01,EQT,
Natural gas,2015-01-01,OVV,
Logistics and Delivery,2015-01-01,UPS,
Logistics and Delivery,2015-01-01,FDX,
Logistics and Delivery,2015-01-01,JBHT,
Logistics and Delivery,2015-01-01,EXPD,
Logistics and Delivery,2015-01-01,CHRW,
Logistics and Delivery,2015-01-01,XPO,
Logistics and Delivery,2015-01-01,LSTR,
Logistics and Delivery,2015-01-01,R,
Logistics and Delivery,2015-01-01,FWRD,
Logistics and Delivery,2015-01-01,ATSG,
Logistics and Delivery,2015-01-01,HUBG,
Logistics and Delivery,2015-01-01,CYRX,
Logistics and Delivery,2015-01-01,PBI,
Trucking and transportation,2015-01-01,ODFL,
Trucking and transportation,2015-01-01,KNX,
Trucking and transportation,2015-01-01,SAIA,
Trucking and transportation,2015-01-01,SNDR,
Trucking and transportation,2015-01-01,WERN,
Trucking and transportation,2015-01-01,ARCB,
Trucking and transportation,2015-01-01,MRTN,
Trucking and transportation,2015-01-01,HTLD,
Trucking and transportation,2015-01-01,DSKE,
Trucking and transportation,2015-01-01,YELL,
Trucking and transportation,2015-01-01,USX,
Trucking and transportation,2015-01-01,USAK,
Silver mining,2015-01-01,WPM,
Silver mining,2015-01-01,AUY,
Silver mining,2015-01-01,HL,
Silver mining,2015-01-01,AG,
Silver mining,2015-01-01,BVN,
Silver mining,2015-01-01,CDE,
Silver mining,2015-01-01,FSM,
Silver mining,2015-01-01,EXK,
Silver mining,2015-01-01,GATO,
Coal mining,2015-01-01,BTU,
Coal mining,2015-01-01,ARCH,
Coal mining,2015-01-01,ARLP,
Coal mining,2015-01-01,HCC,
Coal mining,2015-01-01,CEIX,
Coal mining,2015-01-01,SXC,
Coal mining,2015-01-01,METC,
Coal mining,2015-01-01,HNRG,
Steel manufacturing,2015-01-01,NUE,
Steel manufacturing,2015-01-01,STLD,
Steel manufacturing,2015-01-01,CLF,
Steel manufacturing,2015-01-01,X,
Steel manufacturing,2015-01-01,CMC,
Steel manufacturing,2015-01-01,SCHN,
Steel manufacturing,2015-01-01,TMST,
Railroads,2015-01-01,UNP,
Railroads,2015-01-01,CNI,
Railroads,2015-01-01,CSX,
Railroads,2015-01-01,NSC,
Railroads,2015-01-01,CP,
Railroads,2015-01-01,WAB,
Railroads,2015-01-01,TRN,
Railroads,2015-01-01,GBX,
Waste management,2015-01-01,WM,
Waste management,2015-01-01,RSG,
Waste management,2015-01-01,CLH,
Waste management,2015-01-01,SRCL,
Waste management,2015-01-01,CWST,
Waste management,2015-01-01,ECOL,
Waste management,2015-01-01,HSC,
Water Utilities,2015-01-01,AWK,
Water Utilities,2015-01-01,WTRG,
Water Utilities,2015-01-01,ZWS,
Water Utilities,2015-01-01,AWR,
Water Utilities,2015-01-01,CWT,
Water Utilities,2015-01-01,MSEX,
Cloud Database Management,2015-01-01,ORCL,
Cloud Database Management,2015-01-01,IBM,
Cloud Database Management,2015-01-01,SAP,
Cloud Database Management,2015-01-01,SNOW,
Cloud Database Management,2015-01-01,MDB,
Internet of things,2015-01-01,HON,
Internet of things,2015-01-01,ROK,
Internet of things,2015-01-01,ZBRA,
Internet of things,2015-01-01,TRMB,
Internet of things,2015-01-01,IOT,
Internet of things,2015-01-01,SLAB,
Internet of things,2015-01-01,REZI,
Internet of things,2015-01-01,ALRM,
Internet of things,2015-01-01,FTDR,
Internet of things,2015-01-01,BMI,
Internet of things,2015-01-01,ITRI,
Internet of things,2015-01-01,LTCH,
Aerospace,2015-01-01,RTX,
Aerospace,2015-01-01,LMT,
Aerospace,2015-01-01,BA,
Aerospace,2015-01-01,NOC,
Aerospace,2015-01-01,TDG,
Aerospace,2015-01-01,HEI,
Aerospace,2015-01-01,TXT,
Aerospace,2015-01-01,HWM,
Aerospace,2015-01-01,ESLT,
Aerospace,2015-01-01,MAXR,
Aerospace,2015-01-01,SPCE,
Aerospace,2015-01-01,VORB,
"Movies, Music and Entertainment",2015-01-01,DIS,
"Movies, Music and Entertainment",2015-01-01,NFLX,
"Movies, Music and Entertainment",2015-01-01,WBD,
"Movies, Music and Entertainment",2015-01-01,LYV,
"Movies, Music and Entertainment",2015-01-01,SPOT,
"Movies, Music and Entertainment",2015-01-01,WMG,
"Movies, Music and Entertainment",2015-01-01,FWONA,
"Movies, Music and Entertainment",2015-01-01,ROKU,
"Movies, Music and Entertainment",2015-01-01,AMC,
"Movies, Music and Entertainment",2015-01-01,TME,
"Movies, Music and Entertainment",2015-01-01,WWE,
"Movies, Music and Entertainment",2015-01-01,MSGS,
"Movies, Music and Entertainment",2015-01-01,LGF-A,
"Movies, Music and Entertainment",2015-01-01,IQ,
"Movies, Music and Entertainment",2015-01-01,MANU,
"Movies, Music and Entertainment",2015-01-01,CNK,
"Movies, Music and Entertainment",2015-01-01,IMAX,
Telecom and Internet,2015-01-01,VZ,
Telecom and Internet,2015-01-01,T,
Telecom and Internet,2015-01-01,BCE,
Telecom and Internet,2015-01-01,TU,
Telecom and Internet,2015-01-01,ORAN,
Telecom and Internet,2015-01-01,TEF,
Telecom and Internet,2015-01-01,KT,
Cybersecurity,2015-01-01,CSCO,
Cybersecurity,2015-01-01,PANW,
Cybersecurity,2015-01-01,FTNT,
Cybersecurity,2015-01-01,CRWD,
Cybersecurity,2015-01-01,NET,
Cybersecurity,2015-01-01,ZS,
Cybersecurity,2015-01-01,OKTA,
Cybersecurity,2015-01-01,CHKP,
Cybersecurity,2015-01-01,NLOK,
Cybersecurity,2015-01-01,CTXS,
Cybersecurity,2015-01-01,FFIV,
Cybersecurity,2015-01-01,S,
Cybersecurity,2015-01-01,CYBR,
Cybersecurity,2015-01-01,TENB,
Cybersecurity,2015-01-01,RPD,
Cybersecurity,2015-01-01,QLYS,
Cybersecurity,2015-01-01,VRNS,
Cybersecurity,2015-01-01,NTCT,
Cybersecurity,2015-01-01,RDWR,
Cybersecurity,2015-01-01,ATEN,
Investment Banking and Brokerage,2015-01-01,MS,
Investment Banking and Brokerage,2015-01-01,SCHW,
Investment Banking and Brokerage,2015-01-01,GS,
Investment Banking and Brokerage,2015-01-01,IBKR,
Investment Banking and Brokerage,2015-01-01,LPLA,
Investment Banking and Brokerage,2015-01-01,XP,
Investment Banking and Brokerage,2015-01-01,NMR,
Investment Banking and Brokerage,2015-01-01,FNF,
Investment Banking and Brokerage,2015-01-01,HOOD,
Automotive manufacturing,2015-01-01,TM,
Automotive manufacturing,2015-01-01,F,
Automotive manufacturing,2015-01-01,GM,
Automotive manufacturing,2015-01-01,HMC,
Automotive manufacturing,2015-01-01,RACE,
Automotive manufacturing,2015-01-01,TTM,
Automotive manufacturing,2015-01-01,THO,
Heavy Equipment and Machinery,2015-01-01,DE,
Heavy Equipment and Machinery,2015-01-01,CAT,
Heavy Equipment and Machinery,2015-01-01,PCAR,
Heavy Equipment and Machinery,2015-01-01,CNHI,
Heavy Equipment and Machinery,2015-01-01,AGCO,
Heavy Equipment and Machinery,2015-01-01,TTC,
Heavy Equipment and Machinery,2015-01-01,OSK,
Heavy Equipment and Machinery,2015-01-01,ALSN,
Heavy Equipment and Machinery,2015-01-01,TEX,
Heavy Equipment and Machinery,2015-01-01,LNN,
Cruise line,2015-01-01,CCL,
Cruise line,2015-01-01,RCL,
Cruise line,2015-01-01,NCLH,
Cruise line,2015-01-01,LIND,
Firearms,2015-01-01,VSTO,
Firearms,2015-01-01,RGR,
Firearms,2015-01-01,SWBI,
Firearms,2015-01-01,POWW,
Health insurance,2015-01-01,UNH,
Health insurance,2015-01-01,ANTM,
Health insurance,2015-01-01,CI,
Health insurance,2015-01-01,HUM,
Health insurance,2015-01-01,CNC,
Health insurance,2015-01-01,MOH,
Green energy,2015-01-01,BEPC,
Green energy,2015-01-01,CWEN,
Green energy,2015-01-01,ORA,
Green energy,2015-01-01,AY,
Green energy,2015-01-01,JKS,
Green energy,2015-01-01,CSIQ,
Green energy,2015-01-01,FLNC,
Green energy,2015-01-01,ENPH,
Green energy,2015-01-01,SEDG,
Green energy,2015-01-01,PLUG,
Green energy,2015-01-01,FSLR,
Green energy,2015-01-01,RUN,
Green energy,2015-01-01,REGI,
Green energy,2015-01-01,NOVA,
Virtual reality and AR,2015-01-01,MSFT,
Virtual reality and AR,2015-01-01,FB,
Virtual reality and AR,2015-01-01,NVDA,
Virtual reality and AR,2015-01-01,BABA,
Virtual reality and AR,2015-01-01,QCOM,
Virtual reality and AR,2015-01-01,SONY,
Virtual reality and AR,2015-01-01,SNAP,
Virtual reality and AR,2015-01-01,BIDU,
Virtual reality and AR,2015-01-01,U,
Social Media,2015-01-01,FB,
Social Media,2015-01-01,SNAP,
Social Media,2015-01-01,BIDU,
Social Media,2015-01-01,MTCH,
Social Media,2015-01-01,PINS,
Social Media,2015-01-01,IAC,
Travel Technology,2015-01-01,ABNB,
Travel Technology,2015-01-01,BKNG,
Travel Technology,2015-01-01,EXPE,
Travel Technology,2015-01-01,TCOM,
Travel Technology,2015-01-01,TRIP,
Travel Technology,2015-01-01,MMYT,
Travel Technology,2015-01-01,SOND,
Travel Technology,2015-01-01,DESP,
Restaurants and Fast food,2015-01-01,MCD,
Restaurants and Fast food,2015-01-01,SBUX,
Restaurants and Fast food,2015-01-01,CMG,
Restaurants and Fast food,2015-01-01,YUM,
Restaurants and Fast food,2015-01-01,QSR,
Restaurants and Fast food,2015-01-01,YUMC,
Restaurants and Fast food,2015-01-01,DPZ,
Restaurants and Fast food,2015-01-01,TXRH,
Restaurants and Fast food,2015-01-01,WEN,
Restaurants and Fast food,2015-01-01,PZZA,
Restaurants and Fast food,2015-01-01,WING,
Restaurants and Fast food,2015-01-01,SHAK,
Restaurants and Fast food,2015-01-01,CBRL,
Restaurants and Fast food,2015-01-01,PLAY,
Restaurants and Fast food,2015-01-01,CAKE,
Restaurants and Fast food,2015-01-01,BLMN,
Restaurants and Fast food,2015-01-01,JACK,
Restaurants and Fast food,2015-01-01,EAT,
Restaurants and Fast food,2015-01-01,ARCO,
Restaurants and Fast food,2015-01-01,DIN,
Restaurants and Fast food,2015-01-01,DENN,
Consumer staples,2015-01-01,WMT,
Consumer staples,2015-01-01,PG,
Consumer staples,2015-01-01,KO,
Consumer staples,2015-01-01,COST,
Consumer staples,2015-01-01,PEP,
Consumer staples,2015-01-01,PM,
Consumer staples,2015-01-01,MO,
Consumer staples,2015-01-01,EL,
Consumer staples,2015-01-01,MDLZ,
Consumer staples,2015-01-01,CL,
Consumer staples,2015-01-01,ADM,
Consumer staples,2015-01-01,KHC,
Consumer staples,2015-01-01,STZ,
Consumer staples,2015-01-01,KMB,
Consumer staples,2015-01-01,MNST,
Consumer staples,2015-01-01,HSY,
Consumer staples,2015-01-01,SYY,
Consumer staples,2015-01-01,GIS,
Consumer staples,2015-01-01,KR,
Consumer staples,2015-01-01,WBA,
Military and Defense,2015-01-01,RTX,
Military and Defense,2015-01-01,HON,
Military and Defense,2015-01-01,LMT,
Military and Defense,2015-01-01,BA,
Military and Defense,2015-01-01,NOC,
Military and Defense,2015-01-01,GD,
Military and Defense,2015-01-01,LHX,
Military and Defense,2015-01-01,HEI-A,
Military and Defense,2015-01-01,HEI,
Military and Defense,2015-01-01,HII,
Military and Defense,2015-01-01,AXON,
Military and Defense,2015-01-01,AJRD,
Military and Defense,2015-01-01,MRCY,
Military and Defense,2015-01-01,AVAV,
Military and Defense,2015-01-01,KTOS,
Military and Defense,2015-01-01,AIR,
Military and Defense,2015-01-01,RGR,
Military and Defense,2015-01-01,RADA,
Oil and Gas Production,2015-01-01,XOM,
Oil and Gas Production,2015-01-01,CVX,
Oil and Gas Production,2015-01-01,TTE,
Oil and Gas Production,2015-01-01,COP,
Oil and Gas Production,2015-01-01,BP,
Oil and Gas Production,2015-01-01,PBR,
Oil and Gas Production,2015-01-01,PBR-A,
Oil and Gas Production,2015-01-01,EOG,
Oil and Gas Production,2015-01-01,PXD,
Oil and Gas Production,2015-01-01,E,
Oil and Gas Production,2015-01-01,OXY,
Oil and Gas Production,2015-01-01,MPC,
Oil and Gas Production,2015-01-01,VLO,
Oil and Gas Production,2015-01-01,PSX,
Oil and Gas Production,2015-01-01,DVN,
Oil and Gas Production,2015-01-01,HES,
Oil and Gas Production,2015-01-01,CTRA,
Oil and Gas Production,2015-01-01,FANG,
Oil and Gas Production,2015-01-01,CLR,
Oil and Gas Production,2015-01-01,MRO,
Healthcare,2015-01-01,UNH,
Healthcare,2015-01-01,JNJ,
Healthcare,2015-01-01,PFE,
Healthcare,2015-01-01,ABBV,
Healthcare,2015-01-01,LLY,
Healthcare,2015-01-01,MRK,
Healthcare,2015-01-01,ABT,
Healthcare,2015-01-01,TMO,
Healthcare,2015-01-01,DHR,
Healthcare,2015-01-01,BMY,
Healthcare,2015-01-01,MDT,
Healthcare,2015-01-01,AMGN,
Healthcare,2015-01-01,CVS,
Healthcare,2015-01-01,ANTM,
Healthcare,2015-01-01,SYK,
Healthcare,2015-01-01,ISRG,
Healthcare,2015-01-01,ZTS,
Healthcare,2015-01-01,CI,
Healthcare,2015-01-01,GILD,
Healthcare,2015-01-01,BDX,
Non-health Insurance,2015-01-01,PGR,
Non-health Insurance,2015-01-01,MET,
Non-health Insurance,2015-01-01,AIG,
Non-health Insurance,2015-01-01,PRU,
Non-health Insurance,2015-01-01,TRV,
Non-health Insurance,2015-01-01,ALL,
Non-health Insurance,2015-01-01,LNC,
Non-health Insurance,2015-01-01,RGA,
Non-health Insurance,2015-01-01,BHF,
Non-health Insurance,2015-01-01,GNW,
Non-health Insurance,2015-01-01,LMND,
Lithium mining,2015-01-01,ALB,
Lithium mining,2015-01-01,SQM,
Lithium mining,2015-01-01,FMC,
Lithium mining,2015-01-01,LTHM,
Lithium mining,2015-01-01,LAC,
Apparel Manufacturing and Retail,2015-01-01,NKE,
Apparel Manufacturing and Retail,2015-01-01,LULU,
Apparel Manufacturing and Retail,2015-01-01,VFC,
Apparel Manufacturing and Retail,2015-01-01,RL,
Apparel Manufacturing and Retail,2015-01-01,CPRI,
Apparel Manufacturing and Retail,2015-01-01,SKX,
Apparel Manufacturing and Retail,2015-01-01,COLM,
Apparel Manufacturing and Retail,2015-01-01,UA,
Apparel Manufacturing and Retail,2015-01-01,PVH,
Apparel Manufacturing and Retail,2015-01-01,GPS,
Apparel Manufacturing and Retail,2015-01-01,HBI,
Apparel Manufacturing and Retail,2015-01-01,JWN,
Apparel Manufacturing and Retail,2015-01-01,KTB,
Apparel Manufacturing and Retail,2015-01-01,FIGS,
Apparel Manufacturing and Retail,2015-01-01,OXM,
Apparel Manufacturing and Retail,2015-01-01,GIII,
Farming companies,2015-01-01,BG,
Farming companies,2015-01-01,PPC,
Farming companies,2015-01-01,SAFM,
Farming companies,2015-01-01,CALM,
Farming companies,2015-01-01,LAND,
Farming companies,2015-01-01,AVO,
Farming companies,2015-01-01,CVGW,
Semiconductors,2015-01-01,TSM,
Semiconductors,2015-01-01,NVDA,
Semiconductors,2015-01-01,AVGO,
Semiconductors,2015-01-01,INTC,
Semiconductors,2015-01-01,TXN,
Semiconductors,2015-01-01,QCOM,
Semiconductors,2015-01-01,AMD,
Semiconductors,2015-01-01,ADI,
Semiconductors,2015-01-01,MU,
Semiconductors,2015-01-01,MRVL,
Semiconductors,2015-01-01,NXPI,
Semiconductors,2015-01-01,MCHP,
Semiconductors,2015-01-01,STM,
Semiconductors,2015-01-01,ON,
Semiconductors,2015-01-01,UMC,
Semiconductors,2015-01-01,MPWR,
Semiconductors,2015-01-01,SWKS,
Semiconductors,2015-01-01,ASX,
Semiconductors,2015-01-01,QRVO,
Semiconductors,2015-01-01,WOLF,
Utilities,2015-01-01,NEE,
Utilities,2015-01-01,DUK,
Utilities,2015-01-01,SO,
Utilities,2015-01-01,D,
Utilities,2015-01-01,AEP,
Utilities,2015-01-01,XEL,
Utilities,2015-01-01,ED,
Utilities,2015-01-01,WEC,
Utilities,2015-01-01,ES,
Utilities,2015-01-01,AWK,
Utilities,2015-01-01,EIX,
Utilities,2015-01-01,DTE,
Utilities,2015-01-01,ETR,
Utilities,2015-01-01,FE,
Utilities,2015-01-01,AEE,
Utilities,2015-01-01,PPL,
Inflation Proof,2015-01-01,XOM,
Inflation Proof,2015-01-01,WMT,
Inflation Proof,2015-01-01,CVX,
Inflation Proof,2015-01-01,NEE,
Inflation Proof,2015-01-01,JPM,
Inflation Proof,2015-01-01,COST,
Inflation Proof,2015-01-01,BAC,
Inflation Proof,2015-01-01,SHEL,
Inflation Proof,2015-01-01,AMT,
Inflation Proof,2015-01-01,LFC,
Inflation Proof,2015-01-01,CB,
Inflation Proof,2015-01-01,DUK,
Inflation Proof,2015-01-01,PLD,
Inflation Proof,2015-01-01,TTE,
Inflation Proof,2015-01-01,COP,
Inflation Proof,2015-01-01,MMC,
Inflation Proof,2015-01-01,SO,
Inflation Proof,2015-01-01,CCI,
Inflation Proof,2015-01-01,PGR,
Inflation Proof,2015-01-01,D,
Inflation Proof,2015-01-01,AON,
Dividend TTF by Stocksfor2day,2015-01-01,O,0.1
Dividend TTF by Stocksfor2day,2015-01-01,UPS,0.1
Dividend TTF by Stocksfor2day,2015-01-01,AVGO,0.1
Dividend TTF by Stocksfor2day,2015-01-01,TGT,0.1
Dividend TTF by Stocksfor2day,2015-01-01,BX,0.1
Dividend TTF by Stocksfor2day,2015-01-01,ABBV,0.1
Dividend TTF by Stocksfor2day,2015-01-01,SBUX,0.1
Dividend TTF by Stocksfor2day,2015-01-01,BBY,0.1
Dividend TTF by Stocksfor2day,2015-01-01,JPM,0.1
Dividend TTF by Stocksfor2day,2015-01-01,VICI,0.1
Green Investments by OrganizedFinance,2015-01-01,NEP,0.1
Green Investments by OrganizedFinance,2015-01-01,ENPH,0.1
Green Investments by OrganizedFinance,2015-01-01,JKS,0.1
Green Investments by OrganizedFinance,2015-01-01,FTEK,0.1
Green Investments by OrganizedFinance,2015-01-01,RSG,0.1
Green Investments by OrganizedFinance,2015-01-01,BEP,0.1
Green Investments by OrganizedFinance,2015-01-01,FSLR,0.1
Green Investments by OrganizedFinance,2015-01-01,CSIQ,0.1
Green Investments by OrganizedFinance,2015-01-01,REGI,0.1
Green Investments by OrganizedFinance,2015-01-01,SPWR,0.1
Dividend community portfolio by DividendClub,2015-01-01,BMO,0.33
Dividend community portfolio by DividendClub,2015-01-01,TROW,0.33
Dividend community portfolio by DividendClub,2015-01-01,USB,0.33
Shorting The Housing Market by TradingLab,2015-01-01,DRV,0.2
Shorting The Housing Market by TradingLab,2015-01-01,REK,0.6
Shorting The Housing Market by TradingLab,2015-01-01,SRS,0.2
