Industry Name,Code
3D Printing,VJET
3D Printing,SGLB
3D Printing,XONE
Aerospace & Defense,AVAV
Aerospace & Defense,ISSC
Aerospace & Defense,RADA
Aerospace & Defense,TATT
Aerospace & Defense,VSEC
Aerospace & Defense,ESLT
Aerospace & Defense,WWD
Aerospace & Defense,ATRO
Aerospace & Defense,ULBI
Aerospace & Defense,MRCY
Agriculture & AgTech,CDZI
Agriculture & AgTech,RAVN
Agriculture & AgTech,AGFS
Agriculture & AgTech,ARTW
Agriculture & AgTech,AGFY
Agriculture & AgTech,BIOX
Agriculture & AgTech,RKDA
Agriculture & AgTech,SEED
Agriculture & AgTech,ZIVO
Agriculture & AgTech,CYAN
Air Cargo Transport,AIRT
Air Cargo Transport,AIRTP
Air Cargo Transport,AIRTW
Air Cargo Transport,ATSG
Aircraft Leasing,WLFC
Airlines,ALGT
Airlines,AAL
Airlines,AAWW
Airlines,OMAB
Airlines,HA
Airlines,JBLU
Airlines,MESA
Airlines,RYAAY
Airlines,SKYW
Airlines,UAL
Auto Manufacturers,PCAR
Auto Parts & Services,AIMC
Auto Parts & Services,CVGI
Auto Parts & Services,CPRT
Auto Parts & Services,RUSHA
Auto Parts & Services,SHYF
Auto Parts & Services,REKR
Auto Parts & Services,BLBD
Auto Parts & Services,NNBR
Auto Parts & Services,WPRT
Basic Chemicals,HWKN
Basic Chemicals,GURE
Battery Tech,FLUX
Battery Tech,PLUG
Battery Tech,WATT
Building Products,AAON
Building Products,ROCK
Cannibis,KERNW
Cannibis,KERN
Clean Energy,GEVO
Clean Energy,GPRE
Clean Energy,GPP
Clean Energy,LTBR
Clean Energy,AMTX
Clean Energy,TANH
Clean Energy,REGI
Clean Energy,ANDE
Clean Energy,CHSCL
Clean Energy,CHSCO
Clean Energy,CHSCP
Specialty Chemicals,OBCI
Cleaning & Decontamination,AUVI
Cleaning & Decontamination,TOMZ
Cleaning & Decontamination,CECE
Cleaning & Decontamination,FTEK
Coal,METC
Coal,ADES
Coal,ARLP
Coal,AREC
Construction & Infrastructure,ROAD
Construction & Infrastructure,FAST
Construction & Infrastructure,GLDD
Construction & Infrastructure,GIFI
Construction & Infrastructure,IESC
Construction & Infrastructure,IEA
Construction & Infrastructure,LMB
Construction & Infrastructure,FSTR
Construction & Infrastructure,FRTA
Construction & Infrastructure,NWPX
Construction & Infrastructure,PPIH
Construction & Infrastructure,STRL
Construction Machinery,MNTX
Construction Machinery,TITN
Construction Machinery,GENC
Construction Machinery,ASTE
Building Materials,MERC
Building Materials,OSN
Building Materials,RETO
Building Materials,BECN
Building Materials,BBCP
Building Materials,SMID
Building Materials,USCR
Building Materials,USLM
Consulting Services,TRNS
Consulting Services,EXPO
Consulting Services,TTEK
Consulting Services,FORR
Consulting Services,HSII
Consulting Services,HURN
Consulting Services,ICFI
Consulting Services,NVEE
Container and Packaging,LOOP
Container and Packaging,PTVE
Container and Packaging,SLGN
Container and Packaging,TRS
Drones,EH
Electricity Generation,AEP
Electricity Generation,EXC
Electricity Generation,LNT
Electricity Generation,FCEL
Electricity Generation,HNRG
Electricity Generation,IPLDP
Electricity Generation,MGEE
Electricity Generation,NWE
Electricity Generation,OTTR
Electricity Generation,SPKE
Electricity Generation,XEL
Electronic Components,HIHO
Electronic Components,AMOT
Energy Exploration,BKEPP
Energy Exploration,BKEP
Energy Exploration,CLMT
Energy Exploration,DMLP
Energy Exploration,FLMN
Energy Exploration,PFIE
Energy Exploration,VNOM
Furnishing & Fixtures,JCTCF
Home Construction & Maintenance,AMWD
Building Materials,CSTE
Building Materials,HBP
Furnishing & Fixtures,TILE
Furnishing & Fixtures,PATK
Building Materials,APOG
Building Materials,TGLS
Furnishing & Fixtures,OFLX
Furnishing & Fixtures,UFPI
Furnishing & Fixtures,WIRE
Gold & Silver,PAAS
Gold & Silver,RGLD
Gold & Silver,SSRM
Gold & Silver,USAU
Heavy Machinery & Parts,BOOM
Heavy Machinery & Parts,LAWS
Heavy Machinery & Parts,HEES
Heavy Machinery & Parts,BWEN
Heavy Machinery & Parts,CMCO
Heavy Machinery & Parts,FELE
Heavy Machinery & Parts,HLIO
Heavy Machinery & Parts,TAYD
Heavy Machinery & Parts,TPIC
Heavy Machinery & Parts,GTEC
Heavy Machinery & Parts,HURC
Heavy Machinery & Parts,ROLL
Heavy Machinery & Parts,EML
Household Products,MIDD
Industrial Conglomerates,HON
Industrial Metals,PLL
Industrial Metals,AQMS
Industrial Metals,CENX
Industrial Metals,GSM
Industrial Metals,HAYN
Industrial Metals,KALU
Industrial Metals,LECO
Industrial Metals,ZEUS
Industrial Metals,SCHN
Industrial Metals,STLD
Industrial Metals,USAP
Industrial Metals,ZKIN
Industrial Metals,CHNR
Industrial Metals,GLG
Lighting Systems,EFOI
Lighting Systems,LYTS
Lighting Systems,OESX
Liquified Natural Gas,CLNE
Liquified Natural Gas,CCLP
Liquified Natural Gas,GLNG
Liquified Natural Gas,GMLPP
Liquified Natural Gas,MEOH
Liquified Natural Gas,NFE
Liquified Natural Gas,NEXT
Liquified Natural Gas,RGCO
Liquified Natural Gas,SLNG
Liquified Natural Gas,TELL
Maritime Transportation,CPLP
Maritime Transportation,CTRM
Maritime Transportation,EGLE
Maritime Transportation,EDRY
Maritime Transportation,ESEA
Maritime Transportation,GLBS
Maritime Transportation,GOGL
Maritime Transportation,PANL
Maritime Transportation,SHIP
Maritime Transportation,SBLK
Maritime Transportation,OMEX
Maritime Transportation,GRIN
Maritime Transportation,PATI
Maritime Transportation,PXS
Maritime Transportation,GASS
Maritime Transportation,TOPS
Maritime Transportation,SINO
MLPs,ALTM
MLPs,MMLP
MLPs,OMP
MLPs,PAA
MLPs,PAGP
Modular Office & Storage,DRTT
Modular Office & Storage,KBAL
Modular Office & Storage,UHAL
Modular Office & Storage,GFN
Modular Office & Storage,MLHR
Modular Office & Storage,MGRC
Modular Office & Storage,SGBX
Modular Office & Storage,VIRC
Modular Office & Storage,WSC
Nutrition & Health,ALTO
Nutrition & Health,BCPC
Oil & Gas Services,CHX
Oil & Gas Services,KLXE
Oil & Gas Services,TUSK
Oil & Gas Services,NESR
Oil & Gas Services,PTEN
Oil & Gas Services,RCON
Oil & Gas Services,SND
Oil & Gas Services,DWSN
Oil & Gas Services,GEOS
Oil & Gas Services,ERII
Oil & Gas Services,PRIM
Oil & Gas Services,ENG
Oil & Gas Services,WLDN
Oil & Gas Services,BROG
Oil & Gas Services,NCSM
Oil & Gas Producer,AXAS
Oil & Gas Producer,APA
Oil & Gas Producer,BRY
Oil & Gas Producer,CDEV
Oil & Gas Producer,CHK
Oil & Gas Producer,FANG
Oil & Gas Producer,EPSN
Oil & Gas Producer,MARPS
Oil & Gas Producer,OAS
Oil & Gas Producer,PDCE
Oil & Gas Producer,PVAC
Oil & Gas Producer,PNRG
Oil & Gas Producer,RTLR
Oil & Gas Producer,TGA
Oil & Gas Producer,USEG
Parking,SP
Power Generation & Distribution,POWL
Power Generation & Distribution,TWIN
Power Generation & Distribution,VICR
Power Generation & Distribution,MTRX
Power Generation & Distribution,MYRG
Print Marketing,CMPR
Print Marketing,FFHL
Print Marketing,IKNX
Print Marketing,KRNT
Print Marketing,MATW
Rail Freight,RAIL
Sharing Economy,LYFT
Security & Protection,AXON
Security & Protection,RDVT
Security & Protection,VRSK
Security & Protection,VTSI
Security & Protection,CTAS
Security & Protection,ASTC
Security & Protection,KTOS
Security & Protection,MIND
Security & Protection,MINDP
Power Generation & Distribution,AMSC
Renewable Energy,AY
Renewable Energy,BLDP
Renewable Energy,BEEM
Renewable Energy,IPWR
Power Generation & Distribution,PPSI
Power Generation & Distribution,POLA
Solar Energy,RUN
Solar Energy,SUNW
Solar Energy,VVPR
Specialty Chemicals,CSWI
Specialty Chemicals,IOSP
Specialty Chemicals,SYNL
Specialty Chemicals,NDSN
Specialty Chemicals,NTIC
Specialty Chemicals,HDSN
Staffing Services,CCRC
Staffing Services,KFRC
Staffing Services,RCMT
Staffing Services,WHLM
Staffing Services,JOBS
Staffing Services,BBSI
Staffing Services,HHR
Staffing Services,HQI
Staffing Services,HSON
Staffing Services,KELYA
Staffing Services,KELYB
Staffing Services,PIXY
Staffing Services,STAF
Supply Chain Services,EXPD
Supply Chain Services,DXPE
Supply Chain Services,PKOH
Telecomm Infrastructure,APWC
Telecomm Infrastructure,PLPC
Real Estate Technology,CSGP
Consulting Services,CRAI
Investment Management Firm,IEP
Retail Brokerage,MICT
Real Estate Technology,CIH
Traded Private Investment Funds,ACTG
Investment Banking & Advisory,ATIF
Debt Collections,PFMT
Consulting Services,RGP
pharmaceuticals & dystrophy disease,DYN
pharmaceuticals & cancer disease,IPSC
pharmaceuticals,AMRS
healthcare services & people care,DLHC
pharmaceuticals,MBII
healthcare services & equipment,UFPT
healthcare services & equipment,BIMI
healthcare services & hospitals,HCSG
pharmaceuticals,JAN
Staffing Services,UPWK
Trucking,ARCB
Trucking,CHRW
Trucking,CVLG
Trucking,CSX
Trucking,DSKE
Trucking,ECHO
Trucking,FWRD
Trucking,HTLD
Trucking,HUBG
Trucking,JBHT
Trucking,LSTR
Trucking,MRTN
Trucking,ODFL
Trucking,PTSI
Trucking,SAIA
Trucking,ULH
Trucking,USAK
Trucking,WERN
Trucking,YELL
Vehicle Rental,CAR
Waste Management,BHTG
Waste Management,CWST
Waste Management,CREG
Waste Management,HCCI
Waste Management,PESI
Waste Management,QRHC
Waste Management,SRCL
Waste Management,ECOL
Waste Management,ECOLW
Waste Management,VTNR
Water Management,CLWT
Water Management,LIQT
Water Management,NEWA
Water Management,AEGN
Water Management,ARTNA
Water Management,CWCO
Water Management,GWRS
Water Management,MSEX
Water Management,PCYO
Water Management,YORW
Water Management,VWTR
Bread & Condiments,KHC
Bread & Condiments,LANC
Coffee & Tea,NUZE
Coffee & Tea,FARM
Coffee & Tea,JVA
Coffee & Tea,YGYIP
Coffee & Tea,HAIN
Coffee & Tea,MYT
Dairy,CHEF
Dairy,LWAY
Fruits & Vegetables,VFF
Fruits & Vegetables,WILC
Fruits & Vegetables,LNDC
Fruits & Vegetables,SANW
Fruits & Vegetables,ALCO
Fruits & Vegetables,CVGW
Fruits & Vegetables,LMNR
Fruits & Vegetables,FAMI
Fruits & Vegetables,SENEA
Fruits & Vegetables,SENEB
Health Supplements,SXTC
Health Supplements,TYHT
Health Supplements,NBEV
Health Supplements,NHTC
Health Supplements,LFVN
Health Supplements,NATR
Health Supplements,MTEX
Health Supplements,HAPP
Meat & Poultry,BRID
Meat & Poultry,BYND
Meat & Poultry,HFFG
Meat & Poultry,JBSS
Meat & Poultry,PPC
Meat & Poultry,SAFM
Meat & Poultry,PME
Meat & Poultry,PLIN
Meat & Poultry,CALM
Medical/Cosmetic Ingredients,RIBT
Medical/Cosmetic Ingredients,IPAR
Medical/Cosmetic Ingredients,NAII
Medical/Cosmetic Ingredients,NEPT
Medical/Cosmetic Ingredients,UG
Pets,CENT
Pets,CENTA
Pets,FRPT
Pets,PETZ
Pharmacies,CJJD
Pharmacies,WBA
Pharmacies,YI
Snacks & Candy,RMCF
Snacks & Candy,SMPL
Snacks & Candy,STKL
Snacks & Candy,JJSF
Snacks & Candy,MDLZ
Snacks & Candy,TWNK
Snacks & Candy,TWNKW
Soft/Sports Drink,CELH
Soft/Sports Drink,MNST
Soft/Sports Drink,FIZZ
Soft/Sports Drink,KDP
Soft/Sports Drink,PEP
Soft/Sports Drink,COKE
Soft/Sports Drink,REED
Soft/Sports Drink,WTER
Supermarkets,GO
Supermarkets,CASY
Supermarkets,IMKTA
Supermarkets,SPTN
Supermarkets,VLGEA
Supermarkets,COST
Supermarkets,IFMK
Supermarkets,SFM
Supermarkets,PSMT
Wine & Liquor,EAST
Wine & Liquor,WVVI
Wine & Liquor,WVVIP
Wine & Liquor,MGPI
3D Printing,SSYS
3D Printing,MTLS
5G communication,ERIC
5G Communication,AEY
5G communication,RBBN
5G Communication,FKWL
5G Communication,IDCC
5G Communication,INSG
5G communication,DZSI
Advanced Materials,CPSH
Advanced Materials,SGOC
Advanced Materials,RBCN
Advanced Materials,IVAC
Agriculture & AgTech,GRWG
Agriculture & AgTech,WFCF
Analytics and AI,NCNO
Analytics and AI,NUAN
Analytics and AI,TLND
Analytics and AI,VRNS
Analytics and AI,NVDA
Analytics and AI,LKCO
Analytics and AI,SUMO
Analytics and AI,DOMO
Analytics and AI,SPLK
Analytics and AI,CRNC
Analytics and AI,DDOG
Analytics and AI,MARK
Analytics and AI,VERI
Analytics and AI,INPX
Analytics and AI,INOD
Analytics and AI,DUOT
Analytics and AI,MSTR
Analytics and AI,ALTR
Apparel Manufacturing & Retail,FIVE
Apparel Manufacturing & Retail,FOSL
Apparel Manufacturing & Retail,HIBB
Apparel Manufacturing & Retail,PLCE
Apparel Manufacturing & Retail,ICON
Apparel Manufacturing & Retail,ROST
Apparel Manufacturing & Retail,SCVL
Apparel Manufacturing & Retail,LE
Apparel Manufacturing & Retail,RCKY
Apparel Manufacturing & Retail,SHOO
Apparel Manufacturing & Retail,NAKD
Apparel Manufacturing & Retail,URBN
Apparel Manufacturing & Retail,WEYS
Apparel Manufacturing & Retail,POSH
Apparel Manufacturing & Retail,SQBG
Apparel Manufacturing & Retail,SGC
Apparel Manufacturing & Retail,KBSF
Apparel Manufacturing & Retail,WINA
Apparel Manufacturing & Retail,CROX
Apparel Manufacturing & Retail,CTRN
Apparel Manufacturing & Retail,DLTH
Apparel Manufacturing & Retail,EVK
AR/VR,VUZI
AR/VR,BHAT
Auto Dealer,CRMT
Auto Dealer,KXIN
Auto Dealer,LAZY
Auto Dealer,LMPX
Auto Marketplace,TRUE
Auto Marketplace,VRM
Auto Marketplace,CARG
Auto Marketplace,PRTS
Auto Marketplace,AUTO
Auto Marketplace,UXIN
Auto Marketplace,RMBL
Auto Parts & Services,CDK
Auto Parts & Services,PFIN
Auto Parts & Services,GT
Auto Parts & Services,VC
Auto Parts & Services,MPAA
Auto Parts & Services,XPEL
Auto Parts & Services,CAAS
Auto Parts & Services,THRM
Auto Parts & Services,ORLY
Auto Parts & Services,DORM
Auto Parts & Services,FOXF
Auto Parts & Services,VOXX
Auto Parts & Services,FRSX
Auto Parts & Services,GTX
Auto Parts & Services,ITRN
Auto Parts & Services,LKQ
Auto Parts & Services,MNRO
Auto Parts & Services,STRT
Business Intelligence,RSSS
Business Intelligence,ZI
Cannibis,GNLN
Casino and Resorts,MLCO
Casino and Resorts,CNTY
Casino and Resorts,CPHC
Casino and Resorts,CZR
Casino and Resorts,FLL
Casino and Resorts,GDEN
Casino and Resorts,MCRI
Casino and Resorts,RRR
Casino and Resorts,WYNN
Casino and Resorts,PENN
Casino and Resorts,OSW
Casual Dining,RAVE
Casual Dining,RRGB
Casual Dining,RUTH
Casual Dining,TA
Casual Dining,FRGI
Casual Dining,NATH
Casual Dining,ARKR
Casual Dining,BLMN
Casual Dining,GTIM
Casual Dining,BJRI
Casual Dining,PZZA
Casual Dining,CAKE
Casual Dining,CHUY
Casual Dining,STKS
Casual Dining,NDLS
Casual Dining,KRUS
Casual Dining,JACK
Casual Dining,PBPB
Casual Dining,TXRH
Casual Dining,LOCO
Casual Dining,RICK
Casual Dining,CBRL
Casual Dining,TACO
Casual Dining,WING
Casual Dining,BBQ
Casual Dining,TAST
Casual Dining,DENN
Casual Dining,FAT
Casual Dining,WEN
Cloud-Based Communications,AUDC
Cloud-Based Communications,BAND
Cloud-Based Communications,DOX
Cloud-Based Communications,RDCM
Cloud-Based Communications,VG
Cloud-Based Communications,CRNT
Cloud-Based Communications,CXDO
Coffee & Tea,LK
Coffee & Tea,DTEA
Coffee & Tea,SBUX
Computer Vision and Sensor,ITI
Computer Vision and Sensor,GNTX
Computer Vision and Sensor,CGNX
Computer Vision and Sensor,CYBE
Computer Vision and Sensor,MVIS
Computer Vision and Sensor,ISNS
Computer Vision and Sensor,LINK
Computer Vision and Sensor,NEON
Contract Management,NTWK
Contract Management,DOCU
CRM/Customer Success,LPSN
CRM/Customer Success,SNCR
CRM/Customer Success,EGAN
CRM/Customer Success,ALJJ
CRM/Customer Success,FIVN
CRM/Customer Success,IBEX
CRM/Customer Success,SYKE
CRM/Customer Success,TTEC
CRM/Customer Success,JG
CRM/Customer Success,TTGT
CRM/Customer Success,SRAX
CRM/Customer Success,NICE
CRM/Customer Success,PEGA
CRM/Customer Success,CNXC
CRM/Customer Success,VRNT
CRM/Customer Success,VERB
CRM/Customer Success,SREV
CRM/Customer Success,EVOL
CRM/Customer Success,SYNC
CRM/Customer Success,MNDO
Cryptocurrency,BTBT
Cryptocurrency,MFH
Cryptocurrency,RIOT
Cryptocurrency,CAN
Cryptocurrency,NCTY
Cryptocurrency,MARA
Cybersecurity,CSPI
Cybersecurity,CTXS
Cybersecurity,TENB
Cybersecurity,TLS
Cybersecurity,MIME
Cybersecurity,ZIXI
Cybersecurity,NTCT
Cybersecurity,PFPT
Cybersecurity,RPD
Cybersecurity,CYBR
Cybersecurity,FEYE
Cybersecurity,FFIV
Cybersecurity,FTNT
Cybersecurity,JCOM
Cybersecurity,JAMF
Cybersecurity,SCWX
Cybersecurity,SFET
Cybersecurity,INTZ
Cybersecurity,QLYS
Cybersecurity,WKEY
Cybersecurity,ZS
Cybersecurity,CHKP
Cybersecurity,MANT
Cybersecurity,CYRN
Cybersecurity,CRWD
Cybersecurity,RDWR
Cybersecurity,MCFE
Data Center,GDS
Data Center,VNET
Data Center,SIFY
Data Storage and Management,CVLT
Data Storage and Management,MDB
Data Storage and Management,QMCO
Digital Content Publisher,DLPN
Digital Content Publisher,GAIA
Digital Content Publisher,IAC
Digital Content Publisher,QTT
Digital Content Publisher,GNUS
Digital Content Publisher,KRKR
Digital Marketing & Advertising,SHSP
Digital Marketing & Advertising,ATY
Digital Marketing & Advertising,CDLX
Digital Marketing & Advertising,IZEA
Digital Marketing & Advertising,NCMI
Digital Marketing & Advertising,ICLK
Digital Marketing & Advertising,SCOR
Digital Marketing & Advertising,QNST
Digital Marketing & Advertising,CRTO
Digital Marketing & Advertising,TAOP
Digital Marketing & Advertising,THRY
Digital Marketing & Advertising,POPM
Digital Marketing & Advertising,MRIN
Digital Marketing & Advertising,ISIG
Digital Marketing & Advertising,MCHX
Digital Marketing & Advertising,FLNT
Digital Marketing & Advertising,MGNI
Digital Marketing & Advertising,CNET
Digital Marketing & Advertising,PERI
Digital Marketing & Advertising,ANTE
Digital Marketing & Advertising,PUBM
Digital Marketing & Advertising,TTD
Digital Marketing & Advertising,APPS
Digital Marketing & Advertising,CREX
Digital Marketing & Advertising,BOMN
Digital Marketing & Advertising,MDCA
Digital Media/Web,BLIN
Digital Media/Web,WIX
Digital Media/Web,OPRA
Digital Media/Web,AEYE
Digital Media/Web,ADBE
Discount Retail,FRG
Discount Retail,DLTR
Distributed Work Tools,FROG
Distributed Work Tools,DBX
Distributed Work Tools,ZM
Distributed Work Tools,TEAM
Distributed Work Tools,CLRO
Domain Registry,TCX
Domain Registry,VRSN
E-commerce Operations,PFSW
E-commerce Operations,KSPN
E-commerce Operations,MYSZ
E-commerce Operations,BZUN
E-commerce Operations,DADA
E-commerce Operations,BIGC
E-commerce Platforms,LQDT
E-commerce Platforms,MELI
E-commerce Platforms,OZON
E-commerce Platforms,WISH
E-commerce Platforms,GRPN
E-commerce Platforms,REAL
E-commerce Platforms,SFIX
E-commerce Platforms,EBAY
E-commerce Platforms,JD
E-commerce Platforms,PDD
E-commerce Platforms,YJ
E-commerce Platforms,OSTK
E-commerce Platforms,ETSY
Education Services,HLG
Education Services,LINC
Education Services,TEDU
Education Services,AACG
Education Services,LAUR
Education Services,PRDO
Education Services,HMHC
Education Services,WAFU
Education Services,AFYA
Education Services,APEI
Education Services,TWOU
Education Services,LOPE
Education Services,REDU
Education Services,STRA
Education Services,EEIQ
Education Technology,ZVO
Education Technology,BOXL
Education Technology,YQ
Education Technology,ASPU
Education Technology,ARCE
Electric Vehicles,NIU
Electric Vehicles,FUV
Electric Vehicles,IDEX
Electric Vehicles,KNDI
Electric Vehicles,TSLA
Electric Vehicles,VMAR
Electric Vehicles,WKHS
Electric Vehicles,LI
Electric Vehicles,BLNK
Electric Vehicles,SOLO
Electronic Components,MXIM
Electronic Components,AVT
Electronic Components,HOLI
Electronic Components,CRUS
Electronic Components,SITM
Electronic Components,TAIT
Electronic Display,OLED
Electronic Display,IMTE
Electronic Display,DAKT
Electronic Display,KOPN
Electronic Display,SYNA
Electronics Manufacturing,SNPS
Electronics Manufacturing,KE
Electronics Manufacturing,KTCC
Electronics Manufacturing,LOGI
Electronics Manufacturing,PLXS
Electronics Manufacturing,SONO
Electronics Manufacturing,SYPR
Electronics Manufacturing,NNDM
Electronics Manufacturing,NSYS
Electronics Manufacturing,PDFS
Electronics Manufacturing,SANM
Electronics Manufacturing,KOSS
Electronics Manufacturing,TTMI
Electronics Manufacturing,TACT
Electronics Manufacturing,SGMA
Electronics Manufacturing,BNSO
Electronics Manufacturing,ITRI
Electronics Manufacturing,ELTK
Electronics Manufacturing,AAPL
Electronics Manufacturing,CDNS
Electronics Manufacturing,IEC
Electronics Manufacturing,FLEX
Electronics Manufacturing,OSIS
Electronics Manufacturing,ALOT
Electronics Power Management,POWI
Electronics Power Management,RELL
Electronics Power Management,AEIS
Electronics Power Management,AOSL
Electronics Power Management,LFUS
Electronics Power Management,OIIM
Enterprise Cloud,NTNX
Enterprise Cloud,KC
Enterprise Cloud,NTAP
Enterprise Cloud,AKAM
Enterprise Cloud,ANY
Enterprise Technology,INTU
Enterprise Technology,MTSL
Enterprise Technology,QADA
Enterprise Technology,ASUR
Enterprise Technology,OTEX
Enterprise Technology,PAYX
Enterprise Technology,QADB
Enterprise Technology,BLKB
Enterprise Technology,GTYH
Enterprise Technology,PRGS
Enterprise Technology,BL
Enterprise Technology,PCTY
Enterprise Technology,CNDT
Enterprise Technology,BNFT
Enterprise Technology,SSNC
Enterprise Technology,XELA
Enterprise Technology,UPLD
Enterprise Technology,SSNT
Enterprise Technology,AGYS
Enterprise Technology,WDAY
Enterprise Technology,CSOD
Enterprise Technology,MNTV
Enterprise Technology,CTSH
Enterprise Technology,EPAY
Enterprise Technology,ADP
Enterprise Technology,GVP
Enterprise Technology,EXLS
Fiber Optics and Laser,EMKR
Fiber Optics and Laser,FARO
Fiber Optics and Laser,IIVI
Fiber Optics and Laser,IPGP
Fiber Optics and Laser,LASR
Fiber Optics and Laser,LITE
Fiber Optics and Laser,LPTH
Fiber Optics and Laser,LUNA
Fiber Optics and Laser,OCC
Fiber Optics and Laser,NOVT
Fiber Optics and Laser,COHR
Fiber Optics and Laser,RFIL
Food Delivery,GRUB
Food Delivery,WTRH
Furnishing & Fixtures,DXYN
Gaming & Esports,GRVY
Gaming & Esports,HAS
Gaming & Esports,GMBL
Gaming & Esports,HEAR
Gaming & Esports,SLGG
Gaming & Esports,INSE
Gaming & Esports,AESE
Gaming & Esports,NGMS
Gaming & Esports,GIGM
Gaming & Esports,YVR
Gaming & Esports,PLAY
Gaming & Esports,SCPL
Gaming & Esports,EA
Gaming & Esports,FNKO
Gaming & Esports,SGMS
Gaming & Esports,CHDN
Gaming & Esports,ATVI
Gaming & Esports,ZNGA
Gaming & Esports,TTWO
Gaming & Esports,CRSR
Gaming & Esports,DKNG
Health Supplements,WW
Health Supplements,MOHO
Home and Furniture retail,LOVE
Home and Furniture retail,SNBR
Home and Furniture retail,NVFY
Home and Furniture retail,BSET
Home and Furniture retail,FLXS
Home and Furniture retail,HOFT
Home and Furniture retail,CONN
Home Construction & Maintenance,TTSH
Home Construction & Maintenance,LIVE
Home Construction & Maintenance,ANGI
Home Construction & Maintenance,CVCO
Home Construction & Maintenance,FTDR
Home Construction & Maintenance,GRBK
Home Construction & Maintenance,HOVNP
Home Construction & Maintenance,LEGH
Home Construction & Maintenance,LGIH
Home Construction & Maintenance,POOL
Home Construction & Maintenance,TBLT
Hotels,HTHT
Hotels,MAR
Hotels,PLYA
Household Products,BBBY
Household Products,FLWS
Household Products,KIRK
Household Products,LCUT
Household Products,ULTA
Lease-to-Own Retailer,RCII
Household Products,PRPL
Household Products,JAKK
Household Products,NWL
Household Products,OLLI
Household Products,MAT
Household Products,TSCO
Household Products,BWMX
Household Products,HELE
Household Products,SIC
Household Products,CRWS
Household Products,CTIB
Household Products,SUMR
Identity & Authentication,SPCB
Identity & Authentication,NXTD
Identity & Authentication,IDN
Identity & Authentication,OKTA
Identity & Authentication,OSPN
Identity & Authentication,VRME
Identity & Authentication,MITK
Identity & Authentication,BKYI
Identity & Authentication,AWRE
Insurance Marketplace & Technology,EVER
Insurance Marketplace & Technology,EBIX
Insurance Marketplace & Technology,SPNS
Insurance Marketplace & Technology,DCT
Internet and Cellular Provider,VZ
Internet and Cellular Provider,ALSK
Internet and Cellular Provider,ATNI
Internet and Cellular Provider,CCOI
Internet and Cellular Provider,CHTR
Internet and Cellular Provider,CNSL
Internet and Cellular Provider,LBRDA
Internet and Cellular Provider,LBRDK
Internet and Cellular Provider,LBTYA
Internet and Cellular Provider,LBTYB
Internet and Cellular Provider,LBTYK
Internet and Cellular Provider,LILA
Internet and Cellular Provider,ATEX
Internet and Cellular Provider,LILAK
Internet and Cellular Provider,TIGO
Internet and Cellular Provider,VEON
Internet and Cellular Provider,OTEL
Internet and Cellular Provider,VOD
Internet and Cellular Provider,PTNR
Internet and Cellular Provider,SHEN
Internet and Cellular Provider,UTSI
Internet and Cellular Provider,TMUS
Internet and Cellular Provider,CMCSA
IoT,SMSI
IoT,TRMB
IoT,PWFL
IoT,IRBT
IoT,IMMR
IoT,BRQS
IoT,CAMP
IoT,PCTI
IoT,CETX
IoT,CETXP
IoT,DGII
IoT,BSQR
IoT,CEVA
IoT,ZBRA
IoT,UEIC
IoT,LTRX
IoT,PTC
IoT,VIOT
IoT,AZPN
IoT,SWIR
IoT,OSS
IoT,PI
IoT,ORBC
IT Services,APPN
IT services,AVCT
IT Services,TSRI
IT Services,NSIT
IT Services,SPRT
IT Services,FORTY
IT Services,MGIC
IT Services,WSTG
IT services,CNXN
IT Services,CDW
IT Services,PLUS
IT Services,RMNI
Lighting Systems,LEDS
Lighting Systems,REFR
Lighting Systems,CREE
Luxury Retail,VRA
Luxury Retail,CTHR
Luxury Retail,XELB
Luxury Retail,LULU
Luxury Retail,SECO
Luxury Retail,GIII
Memory and Storage,SGH
Memory and Storage,SMCI
Memory and Storage,STX
Memory and Storage,MU
Memory and Storage,WDC
Memory and Storage,GSIT
Memory and Storage,SIMO
Mobile Data Capture,SCKT
Mobile Data Capture,DMRC
Mobile Data Capture,SCSC
Modular Office & Storage,ODP
Nanotechnology,NVEC
Network Equipment,INFN
Network Equipment,SONM
Network Equipment,TCCO
Network Equipment,AVNW
Network Equipment,AIRG
Network Equipment,CASA
Network Equipment,EXFO
Network Equipment,VIAV
Network Equipment,CMBM
Network Equipment,TESS
Network Equipment,EXTR
Network Equipment,NTGR
Network Equipment,AAOI
Network Equipment,CLFD
Network Equipment,COMM
Network Equipment,QCOM
Network Equipment,JCS
Network Equipment,ADTN
Network Equipment,CSCO
Network Equipment,ALLT
Network Equipment,SILC
Oil & Gas Services,TH
Oil & Gas Services,CLIR
Online Travel Company,BKNG
Online Travel Company,MMYT
Online Travel Company,EXPE
Online Travel Company,TOUR
Online Travel Company,LTRPA
Online Travel Company,LTRPB
Online Travel Company,MKGI
Online Travel Company,PCOM
Online Travel Company,SABR
Online Travel Company,TRVG
Online Travel Company,TCOM
Online Travel Company,TRIP
Online Travel Company,TZOO
Online Travel Company,YTRA
Outdoor & Lifestyle Products,ZUMZ
Outdoor & Lifestyle Products,GPRO
Outdoor & Lifestyle Products,COLM
Outdoor & Lifestyle Products,JRSH
Outdoor & Lifestyle Products,AOUT
Outdoor & Lifestyle Products,ESCA
Outdoor & Lifestyle Products,GRMN
Outdoor & Lifestyle Products,LIND
Outdoor & Lifestyle Products,SPWH
Outdoor & Lifestyle Products,ONEW
Outdoor & Lifestyle Products,TLF
Outdoor & Lifestyle Products,PTON
Outdoor & Lifestyle Products,CLAR
Outdoor & Lifestyle Products,ASO
Outdoor & Lifestyle Products,BGFV
Outdoor & Lifestyle Products,JOUT
Outdoor & Lifestyle Products,XSPA
Payment Systems,USIO
Payment Systems,CSGS
Payment Systems,EVOP
Payment Systems,ACIW
Payment Systems,IIIV
Payment Systems,NETE
Payment Systems,PRTH
Payment Systems,PYPL
Payment Systems,CASS
Payment Systems,CUEN
Payment Systems,STNE
Payment Systems,EEFT
Payment Systems,FISV
Payment Systems,IMXI
Payment Systems,JKHY
Payment Systems,MGI
Payment Systems,PAYS
Payment Systems,QIWI
Payment Systems,RPAY
Payment Systems,UEPS
Pets,DOGZ
Pets,PETS
Pets,WOOF
Plastics,CXDC
Plastics,DSWL
Power Generation & Distribution,CLSK
Precision manufacturing,NATI
Precision manufacturing,CODA
Precision manufacturing,ELSE
Precision Manufacturing,SMIT
Precision Manufacturing,ANSS
Precision manufacturing,MKSI
Precision manufacturing,ADSK
ProSports Management,FWONA
ProSports Management,FWONK
ProSports Management,BATRA
ProSports Management,BATRK
Publishers,CSSE
Publishers,CSSEP
Publishers,DJCO
Publishers,PLBY
Publishers,EDUC
Publishers,LEE
Publishers,NWS
Publishers,NWSA
Publishers,SALM
Publishers,SCHL
Publishers,TPCO
Recreational Vehicle,DOOO
Recreational Vehicle,MBUU
Recreational Vehicle,MCFT
Retail Supply Chain,CORE
Retail Supply Chain,STMP
Retail Supply Chain,SGRP
Satellite Communication,CMTL
Satellite Communication,SATS
Satellite Communication,GILT
Satellite Communication,IRDM
Satellite Communication,GOGO
Satellite Communication,VSAT
Satellite Communication,FEIM
Satellite Communication,KVHI
Satellite Communication,LORL
Security & Protection,ALRM
Security & Protection,NLOK
Security & Protection,POWW
Security & Protection,SSTI
Security & Protection,VRRM
Security & Protection,WRAP
Security & Protection,GNSS
Security & Protection,EVBG
Security & Protection,DTSS
Security & Protection,INVE
Security & Protection,LAKE
Security & Protection,NSSC
Security & Protection,SWBI
Security & Protection,DGLY
Security & Protection,MAGS
Security & Protection,FORD
Semiconductor Equipments,ACMR
Semiconductor Equipments,ICHR
Semiconductor Equipments,ASYS
Semiconductor Equipments,KLAC
Semiconductor Equipments,LRCX
Semiconductor Equipments,MKTY
Semiconductor Equipments,AEHR
Semiconductor Equipments,UCTT
Semiconductor Equipments,VECO
Semiconductor Equipments,ASML
Semiconductor Equipments,TER
Semiconductor Equipments,FORM
Semiconductor Equipments,IMOS
Semiconductor Equipments,BRKS
Semiconductor Equipments,AMAT
Semiconductor Equipments,COHU
Semiconductor Equipments,KLIC
Semiconductor Equipments,ACLS
Semiconductor Equipments,CAMT
Semiconductor Equipments,DAIO
Semiconductor Equipments,CVV
Semiconductor Equipments,NVMI
Semiconductor Manufacturing,AVGO
Semiconductor Manufacturing,XLNX
Semiconductor Manufacturing,PXLW
Semiconductor Manufacturing,TXN
Semiconductor Manufacturing,MRVL
Semiconductor Manufacturing,TSEM
Semiconductor Manufacturing,AMKR
Semiconductor Manufacturing,AKTS
Semiconductor Manufacturing,BELFB
Semiconductor Manufacturing,AMD
Semiconductor Manufacturing,DIOD
Semiconductor Manufacturing,RMBS
Semiconductor Manufacturing,AMBA
Semiconductor Manufacturing,MPWR
Semiconductor Manufacturing,ADI
Semiconductor Manufacturing,DSPG
Semiconductor Manufacturing,MRAM
Semiconductor Manufacturing,INTC
Semiconductor Manufacturing,LSCC
Semiconductor Manufacturing,NXPI
Semiconductor Manufacturing,ON
Semiconductor Manufacturing,QUIK
Semiconductor Manufacturing,MCHP
Semiconductor Manufacturing,WISA
Semiconductor Manufacturing,XPER
Semiconductor Manufacturing,ALGM
Semiconductor Manufacturing,QRVO
Semiconductor Manufacturing,RESN
Semiconductor Manufacturing,HIMX
Semiconductor Manufacturing,SMTC
Semiconductor Manufacturing,SWKS
Semiconductor Manufacturing,MOSY
Semiconductor Manufacturing,MTSI
Semiconductor Manufacturing,SLAB
Semiconductor Materials,AXTI
Semiconductor Materials,ENTG
Semiconductor Materials,ATOM
Semiconductor Materials,PLAB
Semiconductor Materials,CCMP
Sharing Economy,ABNB
Sharing Economy,HYRE
Social Media,YY
Social Media,MOMO
Social Media,FB
Social Media,WB
Social Media,MOXC
Social Media,MTCH
Social Media,SPT
Solar Energy,SEDG
Solar Energy,MAXN
Solar Energy,SPI
Solar Energy,SPWR
Solar Energy,ENPH
Solar Energy,FSLR
Solar Energy,CSIQ
Streaming,DOYU
Streaming,IQ
Streaming,LIVX
Streaming,NFLX
Streaming,ROKU
Streaming,BILI
Streaming,LLNW
Supply Chain Technology,STCN
Supply Chain Technology,MANH
Supply Chain Technology,SPSC
Supply Chain Technology,PBTS
Supply Chain Technology,DSGX
Supply Chain Technology,BOSC
Supply Chain Technology,AMSWA
Supply Chain Technology,COUP
Supply Chain Technology,PCYG
Technology Conglomerate,BIDU
Technology Conglomerate,MSFT
Technology Conglomerate,AMZN
Technology Conglomerate,YNDX
Technology Conglomerate,SOHU
Technology Conglomerate,NTES
Technology Conglomerate,GOOG
Technology Conglomerate,GOOGL
Technology Consulting,PRFT
Technology Consulting,ALYA
Technology Consulting,CTG
Technology Consulting,CLPS
Technology Consulting,GDYN
Technology Consulting,HCKT
Technology Consulting,III
Trading System,MTC
Consumer Lending,AFRM
Consumer Lending,JFU
Consumer Lending,GSKY
pharmaceuticals & drugs discovery,ENLV
healthcare services & equipment,EYE
healthcare services & equipment,MOVE
healthcare services & information technology,SPOK
healthcare services & equipment & laboratory,APDN
healthcare services & information technology,SY
Real Estate Technology,ZG
Real Estate Property Management,APPF
Real Estate Property Management,CHCI
Real Estate Technology,DUO
Real Estate Investment & Development,RDI
Real Estate Investment & Development,RDIB
Real Estate Technology,Z
TV and Radio,CIDM
TV and Radio,BBGI
TV and Radio,SGA
TV and Radio,UONE
TV and Radio,UONEK
TV and Radio,DISH
TV and Radio,FOX
TV and Radio,FOXA
TV and Radio,NXST
TV and Radio,DISCA
TV and Radio,DISCB
TV and Radio,HMTV
TV and Radio,DISCK
TV and Radio,SBGI
TV and Radio,SSP
TV and Radio,VIAC
TV and Radio,VIACA
TV and Radio,CMLS
TV and Radio,AMCX
TV and Radio,LSXMA
TV and Radio,LSXMB
TV and Radio,LSXMK
TV and Radio,SIRI
TV Shopping Network,QRTEA
TV Shopping Network,IMBI
TV Shopping Network,QRTEB
Video Technology,API
Video Technology,VISL
Video Technology,QUMU
Video Technology,XNET
Video Technology,RNWK
Video Technology,AVID
Video Technology,SEAC
Video Technology,BCOV
Video Technology,HLIT
Water Management,NEPH
Agriculture & AgTech,CRESY
Asset-Based Finance Company,GEG
Asset-Based Finance Company,MFIN
Asset-Based Finance Company,HGBL
Asset-Based Finance Company,GWGH
Auto Financing,AIHS
Auto Financing,NICK
Auto Financing,CACC
Auto Financing,CPSS
Banks,BCOW
Banks,CARV
Banks,CFFN
Banks,CLBK
Banks,EBSB
Banks,ESBK
Banks,FFIC
Banks,GFED
Banks,HBCP
Banks,HFBL
Banks,KFFB
Banks,LARK
Banks,PDLB
Banks,SMBC
Banks,TSBK
Banks,BFST
Banks,BMRC
Banks,BRKL
Banks,OSBC
Banks,CASH
Banks,CCB
Banks,MNSB
Banks,CVBF
Banks,EQBK
Banks,FGBI
Banks,FLIC
Banks,FMAO
Banks,FNCB
Banks,FRBA
Banks,FUNC
Banks,HBMD
Banks,HTBK
Banks,HTLF
Banks,ISTR
Banks,LMST
Banks,NBN
Banks,NRIM
Banks,NWFL
Banks,RBCAA
Banks,RRBI
Banks,SBNY
Banks,SIVB
Banks,SSBI
Banks,BANF
Banks,CFB
Banks,CVLY
Banks,CZWI
Banks,FBNC
Banks,FCNCA
Banks,FMBH
Banks,LKFN
Banks,PBFS
Banks,PEBK
Banks,PROV
Banks,RNST
Banks,UBSI
Banks,UCBI
Banks,AMAL
Banks,BANR
Banks,BSBK
Banks,BSVN
Banks,SVBI
Banks,CFBK
Banks,NBTB
Banks,EMCF
Banks,FCAP
Banks,FFBW
Banks,FFNW
Banks,FRBK
Banks,FSBW
Banks,FSEA
Banks,FSFG
Banks,FXNC
Banks,GBCI
Banks,HMNF
Banks,IBTX
Banks,ISBC
Banks,KRNY
Banks,LSBK
Banks,MBWM
Banks,MCBC
Banks,MFNC
Banks,MSVB
Banks,NFBK
Banks,NWBI
Banks,OCFC
Banks,ORRF
Banks,PBHC
Banks,PBIP
Banks,PFC
Banks,RVSB
Banks,SFBC
Banks,WVFC
Banks,WSFS
Banks,ATLO
Banks,BOCH
Banks,BKSC
Banks,CALB
Banks,CARE
Banks,MPB
Banks,GSBC
Banks,HOMB
Banks,HTBI
Banks,HWBK
Banks,LOB
Banks,OFED
Banks,PPBI
Banks,SFST
Banks,SLCT
Banks,UBFO
Banks,WABC
Banks,WNEB
Banks,PKBK
Banks,BWB
Banks,CBMB
Banks,CBTX
Banks,CWBC
Banks,DCOM
Banks,EBMT
Banks,ESQ
Banks,FDBC
Banks,FIBK
Banks,FNLC
Banks,FNWB
Banks,GCBC
Banks,HFWA
Banks,IROQ
Banks,LEVL
Banks,RBKB
Banks,RBNC
Banks,SBCF
Banks,SBSI
Banks,SMBK
Banks,SPFI
Banks,STXB
Banks,TBK
Banks,TCBK
Banks,WTBA
Banks,OVBC
Banks,CCNE
Banks,CLDB
Banks,FFBC
Banks,FMNB
Banks,FRAF
Banks,GABC
Banks,HBNC
Banks,LCNB
Banks,PEBO
Banks,UBOH
Banks,SBFG
Banks,TFSL
Banks,TOWN
Banks,UBCP
Banks,COFS
Banks,BOKF
Banks,CBSH
Banks,EWBC
Banks,HBT
Banks,INBK
Banks,PBCT
Banks,PGC
Banks,TCBI
Banks,UMBF
Banks,UMPQ
Banks,UVSP
Banks,WAFD
Banks,WTFC
Banks,ZION
Banks,ABTX
Banks,OPHC
Banks,GLBZ
Banks,AUBN
Banks,MLVF
Banks,PNBK
Banks,BFC
Banks,BFIN
Banks,AMRB
Banks,AFBI
Banks,CBAN
Banks,CCBG
Banks,CNOB
Banks,CSTR
Banks,ESSA
Banks,FBMS
Banks,FCCO
Banks,FUSB
Banks,PFBI
Banks,ABCB
Banks,ACNB
Banks,ACBI
Banks,HWC
Banks,ICBK
Banks,MCBS
Banks,NCBS
Banks,PLBC
Banks,PNFP
Banks,SAL
Banks,SFBS
Banks,SHBI
Banks,SSB
Banks,TCFC
Banks,WMPN
Banks,BCML
Banks,BSRR
Banks,BYFC
Banks,FCBP
Banks,HAFC
Banks,HOPE
Banks,OPBK
Banks,OVLY
Banks,PACW
Banks,PCB
Banks,PFBC
Banks,PMBC
Banks,RBB
Banks,SBT
Banks,FFIN
Banks,PFIS
Banks,IBOC
Banks,OZK
Banks,RIVE
Banks,VLY
Banks,WASH
Banks,MRLN
Banks,FITB
Banks,FITBP
Banks,MBCN
Banks,AROW
Banks,EFSC
Banks,FBIZ
Banks,FFWM
Banks,FRME
Banks,MYFW
Banks,ONB
Banks,SRCE
Banks,SYBT
Banks,TRMK
Banks,COLB
Banks,ALRS
Banks,AMNB
Banks,CBFV
Banks,BPOP
Banks,CHCO
Banks,CHMG
Banks,CIVB
Banks,CTBI
Banks,CVCY
Banks,FHB
Banks,FISI
Banks,MSBI
Banks,MVBF
Banks,QCRH
Banks,SASR
Banks,SMMF
Banks,STBA
Banks,THFF
Banks,WSBC
Banks,WSBF
Banks,BMTC
Banks,CFFI
Banks,CZNC
Banks,ESXB
Banks,FCBC
Banks,FVCB
Banks,OPOF
Banks,RMBI
Banks,TRST
Banks,VABK
Banks,PWOD
Banks,ASRV
Banks,BCBP
Banks,AUB
Banks,BOTJ
Banks,BWFG
Banks,CATY
Banks,CIZN
Banks,UNB
Banks,EBC
Banks,EGBN
Banks,FCCY
Banks,FRST
Banks,FULT
Banks,MRBK
Banks,HMST
Banks,IBCP
Banks,LBAI
Banks,MBIN
Banks,MGYR
Banks,PFHD
Banks,TBBK
Banks,UNTY
Banks,VBFC
Banks,CNBKA
Banks,EBTC
Banks,HIFS
Banks,HONE
Banks,HVBC
Banks,INDB
Banks,PCSB
Banks,PVBC
Banks,RNDB
Banks,TBNK
Banks,HBAN
Banks,HBANN
Banks,HBANO
Banks,AMTB
Banks,BPRN
Banks,GNTY
Banks,AMTBB
Banks,BUSE
Banks,CBNK
Banks,MOFG
Banks,FMBI
Banks,LBC
Banks,NKSH
Banks,OBNK
Banks,SFNC
Banks,TSC
Banks,VBTX
closed-end mutual fund,BANX
closed-end mutual fund,OXLC
Commercial Real Estate Brokerage & Services,CIGI
Commercial Real Estate Brokerage & Services,NMRK
Commercial Real Estate Brokerage & Services,MDJH
Consumer Lending,JFIN
Consumer Lending,LX
Consumer Lending,WRLD
Consumer Lending,OPRT
Consumer Lending,TREE
Consumer Lending,ATLC
Consumer Lending,UPST
Crowdfunding & Incubator,LYL
Cryptocurrency,MOGO
Data Center REIT,CONE
Data Center REIT,EQIX
Debt Collections,PRAA
Debt Collections,ECPG
Debt Collections,LMFA
Diversified REIT,BPYU
Diversified REIT,GOOD
Diversified REIT,GOODN
Diversified REIT,MDRR
E-commerce Platforms,HX
Financial Exchanges & Data,CME
Financial Exchanges & Data,NDAQ
Fintech Analytics & Operations,PT
Fintech Analytics & Operations,QFIN
Health Care REIT,SBRA
Health Care REIT,CTRE
Health Care REIT,DHC
Health insurance,TRUP
Healthcare Finance,SWKH
Hotel REIT,SOHON
Hotel REIT,SOHOO
Hotel REIT,HST
Hotel REIT,SOHO
Hotel REIT,SOHOB
Hotels,INTG
Industrial REIT,INDT
Industrial REIT,SELF
Industrial REIT,ILPT
Infrastructure Investment Fund,ATAX
Infrastructure Investment Fund,LMRK
Infrastructure Investment Fund,LMRKN
Infrastructure Investment Fund,LMRKO
Infrastructure Investment Fund,LMRKP
Infrastructure REIT,SBAC
Infrastructure REIT,UNIT
Insurance Brokers,ERIE
Insurance Brokers,EHTH
Insurance Brokers,FANH
Insurance Brokers,GSHD
Insurance Brokers,BRP
Investment Banking & Advisory,RILY
Investment Banking & Advisory,COWN
Investment Banking & Advisory,DHIL
Investment Banking & Advisory,GRNQ
Investment Management Firm,GROW
Investment Management Firm,HNNA
Investment Management Firm,SAMG
Investment Management Firm,SEIC
Investment Management Firm,TROW
Investment Management Firm,TURN
Investment Management Firm,VCTR
Investment Management Firm,VRTS
Investment Management Firm,WETF
Investment Research & Data,VALU
Investment Research & Data,MORN
Land & Farm REIT,LAND
Land & Farm REIT,PCH
Lease-to-Own Retailer,FPAY
Life Insurance,BHF
Life Insurance,BHFAP
Life Insurance,SNFCA
Life Insurance,NWLI
Life Insurance,VERY
Mortgage Insurance Company,NMIH
Mortgage REIT,AGNC
Mortgage REIT,LOAN
Mortgage REIT,NYMT
Mortgage REIT,NYMTO
Mortgage REIT,NYMTP
Mortgage REIT,TRMT
Multiline Insurance,AAME
Multiline Insurance,ANAT
Multiline Insurance,TIPT
Multiline Insurance,NSEC
Office REIT,GLPI
Office REIT,CMCT
Office REIT,CMCTP
Office REIT,OPI
Pawn Shops,EZPW
Pawn Shops,FCFS
Precious Metal Trading,AMRK
Print Marketing,LAMR
Property & Casualty Insurance,DGICA
Property & Casualty Insurance,DGICB
Property & Casualty Insurance,KINS
Property & Casualty Insurance,NODK
Property & Casualty Insurance,SAFT
Property & Casualty Insurance,UIHC
Property & Casualty Insurance,CINF
Property & Casualty Insurance,CNFR
Property & Casualty Insurance,FNHC
Property & Casualty Insurance,HALL
Property & Casualty Insurance,KNSL
Property & Casualty Insurance,SIGI
Property & Casualty Insurance,STFC
Property & Casualty Insurance,UNAM
Property & Casualty Insurance,AMSF
Property & Casualty Insurance,GBLI
Property & Casualty Insurance,ACGL
Property & Casualty Insurance,ACGLO
Property & Casualty Insurance,ACGLP
Property & Casualty Insurance,ICCH
Property & Casualty Insurance,PLMR
Property & Casualty Insurance,PPHI
Property & Casualty Insurance,UFCS
Property & Casualty Insurance,WTRE
Property & Casualty Insurance,ITIC
Real Estate Investment & Development,FRPH
Real Estate Investment & Development,OBAS
Real Estate Investment & Development,BPY
Real Estate Investment & Development,BPYPO
Real Estate Investment & Development,BPYPP
Real Estate Investment & Development,HGSH
Real Estate Investment & Development,GYRO
Real Estate Investment & Development,IRCP
Real Estate Property Management,FSV
Real Estate Property Management,RMR
Real Estate Technology,QK
Real Estate Technology,ASPS
Real Estate Technology,EXPI
Real Estate Technology,FTHM
Real Estate Technology,RDFN
Real Estate Technology,OPEN
Reinsurance,OXBR
Reinsurance,ESGR
Reinsurance,ESGRO
Reinsurance,FGF
Reinsurance,JRVR
Reinsurance,MHLD
Reinsurance,GLRE
Residential Mortgage Financing,COOP
Retail Brokerage,FRHC
Retail Brokerage,FUTU
Retail Brokerage,IBKR
Retail Brokerage,JRJC
Retail Brokerage,SIEB
Retail Brokerage,TIGR
Retail REIT,MAYS
Retail REIT,STRS
Retail REIT,AFIN
Retail REIT,AFINP
Retail REIT,REG
Retail REIT,ROIC
Retail REIT,WHLR
Retail REIT,WHLRD
Retail REIT,WHLRP
Retail REIT,SVC
Retirement Asset Management,WLTW
Retirement Asset Management,PFG
Security Brokerage & Capital Markets,LPLA
Security Brokerage & Capital Markets,XP
Security Brokerage & Capital Markets,BGCP
Security Brokerage & Capital Markets,GGAL
Banks,CAC
Banks,CATC
Student Loan,NAVI
Student Loan,SLM
Traded Growth/Venture Funds,CSWC
Traded Growth/Venture Funds,HLNE
Traded Growth/Venture Funds,MRCC
Traded Growth/Venture Funds,HRZN
Traded Growth/Venture Funds,NEWT
Traded Growth/Venture Funds,SSSS
Traded Private Investment Funds,MMAC
Traded Private Investment Funds,GLAD
Traded Private Investment Funds,ARCC
Traded Private Investment Funds,BKCC
Traded Private Investment Funds,AINV
Traded Private Investment Funds,CG
Traded Private Investment Funds,CGBD
Traded Private Investment Funds,CPTA
Traded Private Investment Funds,FDUS
Traded Private Investment Funds,GAIN
Traded Private Investment Funds,GBDC
Traded Private Investment Funds,GECC
Traded Private Investment Funds,PFX
Traded Private Investment Funds,ICMB
Traded Private Investment Funds,NMFC
Traded Private Investment Funds,OCSL
Traded Private Investment Funds,OFS
Traded Private Investment Funds,OXSQ
Traded Private Investment Funds,OXSQL
Traded Private Investment Funds,PFLT
Traded Private Investment Funds,PNNT
Traded Private Investment Funds,PSEC
Traded Private Investment Funds,RAND
Traded Private Investment Funds,SLRC
Traded Private Investment Funds,SUNS
Traded Private Investment Funds,TCPC
Trading System,AGMH
Trading System,MKTX
Trading System,TW
Trading System,VIRT
Wealth Management,NTRS
Wealth Management,PHCF
Wealth Management,BCOR
Wealth Management,PUYI
Wealth Management,FOCS
pharmaceuticals & rare disease,ABEO
pharmaceuticals & pneumonia disease,ADMA
pharmaceuticals & autoimmune disease,HARP
pharmaceuticals & kidney disease,AKBA
pharmaceuticals & liver disease,AKRO
pharmaceuticals & autoimmune disease,AKTX
healthcare services & equipment & diagnostics,NTUS
pharmaceuticals & liver disease,ALBO
pharmaceuticals & neurological disease,ALEC
healthcare services & equipment,ALGN
pharmaceuticals & liver disease,ALGS
healthcare services & people care,ALHC
pharmaceuticals & eye disease,ALIM
healthcare services & equipment & diagnostics,AEMD
pharmaceuticals & drugs discovery,ALKS
pharmaceuticals,AERI
pharmaceuticals & gastroenterological disease,ALLK
healthcare services & equipment & diagnostics,GH
pharmaceuticals & covid,AEZS
pharmaceuticals & leukemia disease,ALLO
pharmaceuticals,GILD
pharmaceuticals & covid,ADPT
healthcare services & equipment & implants,NVIV
pharmaceuticals,GLMD
pharmaceuticals,GLPG
pharmaceuticals & cancer disease,GLSI
pharmaceuticals & kidney disease,ALNA
pharmaceuticals,ALNY
pharmaceuticals & cancer disease,AFMD
pharmaceuticals & drugs discovery,ALPN
pharmaceuticals,ALRN
healthcare services & equipment & diagnostics,PMD
pharmaceuticals & cancer disease,AGEN
pharmaceuticals,AGIO
pharmaceuticals,AGLE
pharmaceuticals & covid,ALT
pharmaceuticals & women's health,AGRX
pharmaceuticals & respiratory disease,ALVR
pharmaceuticals,ALXN
healthcare services & equipment,APEN
pharmaceuticals & cannabis,APHA
pharmaceuticals & autoimmune disease,APLS
pharmaceuticals,APLT
pharmaceuticals & transplantology,APOP
pharmaceuticals & leukemia disease,APRE
pharmaceuticals & eye disease,ALDX
pharmaceuticals & leukemia disease,APTO
pharmaceuticals,APTX
pharmaceuticals & transplantology,APVO
healthcare services & equipment & dermatology,APYX
healthcare services & equipment & monitoring,AQB
pharmaceuticals & cannabis,OGI
pharmaceuticals,AQST
pharmaceuticals & lung cancer disease,ARAV
healthcare services & equipment & robotics,ARAY
pharmaceuticals & liver disease,ARCT
pharmaceuticals & kidney disease,ARDX
pharmaceuticals,ARGX
pharmaceuticals & autoimmune disease,ARNA
healthcare services & people care,AMEH
pharmaceuticals & eye disease,ARPO
pharmaceuticals & cannabis,ARTL
pharmaceuticals & cannabis,ARTLW
pharmaceuticals & lung cancer disease,ARVN
pharmaceuticals,CATB
healthcare services & equipment & implants,ATEC
pharmaceuticals & dermatology,ANAB
pharmaceuticals & dermatology,ASLN
pharmaceuticals & liver disease,ASMB
pharmaceuticals & women's health,ASND
pharmaceuticals,ASRT
pharmaceuticals & neurological disease,ATHE
pharmaceuticals,ATHX
pharmaceuticals & cancer disease,ATNX
pharmaceuticals & transplantology,ATRA
pharmaceuticals & drugs discovery,APM
pharmaceuticals & liver disease,ARWR
healthcare services & equipment & cardiovascular,ATRC
healthcare services & equipment & cardiovascular,ATRI
healthcare services & equipment & man's health,ATRS
pharmaceuticals & dermatology,BBI
pharmaceuticals,ATXI
pharmaceuticals & autoimmune disease,BBIO
pharmaceuticals & kidney disease,AUPH
pharmaceuticals & lung cancer disease,AUTL
pharmaceuticals & pneumonia disease,ARDS
healthcare services & equipment & covid,AVCO
pharmaceuticals,AVDL
pharmaceuticals & autoimmune disease,AVEO
healthcare services & equipment & cardiovascular,AVGR
pharmaceuticals & covid,AVIR
pharmaceuticals & rare disease,AVRO
pharmaceuticals & neurological disease,AVXL
healthcare services & equipment & women's health,AWH
healthcare services & equipment & diagnostics,AXDX
healthcare services & equipment & implants,AXGN
pharmaceuticals & neurological disease,AXSM
pharmaceuticals & man's health,AYTU
pharmaceuticals,AZN
pharmaceuticals & rare disease,BCDA
pharmaceuticals & transplantology,BCEL
pharmaceuticals & neurological disease,BCLI
healthcare services & equipment & laboratory,BLFS
pharmaceuticals,BCRX
healthcare services & equipment,BLI
pharmaceuticals,BCYC
pharmaceuticals,BDSI
healthcare services & equipment & covid,ATOS
pharmaceuticals & dermatology,BFRA
pharmaceuticals & lung cancer disease,BGNE
healthcare services & equipment & covid,BLPH
pharmaceuticals & leukemia disease,BLRX
pharmaceuticals & animal health,AXLA
healthcare services & equipment & implants,AXNX
pharmaceuticals & autoimmune disease,BIIB
pharmaceuticals & cancer disease,BIOC
pharmaceuticals & cancer disease,ONCY
healthcare services & equipment,BIOL
pharmaceuticals & autoimmune disease,BLU
pharmaceuticals & gastroenterological disease,AZRX
healthcare services & equipment & cardiovascular,BCDAW
pharmaceuticals & cancer disease,BLCM
pharmaceuticals & cancer disease,ONTX
pharmaceuticals & dystrophy disease,BLUE
healthcare services & equipment & covid,BMRA
pharmaceuticals & autoimmune disease,BMRN
healthcare services & equipment & laboratory,BNGO
pharmaceuticals & cancer disease,BNTX
pharmaceuticals & cancer disease,BPMC
pharmaceuticals & leukemia disease,BPTH
healthcare services & equipment & laboratory,BRKR
healthcare services & equipment & diagnostics,BSGM
pharmaceuticals & neurological disease,BTAI
pharmaceuticals & drugs discovery,GLYC
pharmaceuticals & cancer disease,GMAB
healthcare services & equipment & cardiovascular,MMSI
pharmaceuticals & lung cancer disease,GMDA
pharmaceuticals & cancer disease,CALA
pharmaceuticals & transplantology,GNCA
pharmaceuticals,GNFT
pharmaceuticals & rare disease,GNPX
pharmaceuticals & respiratory disease,BNTC
pharmaceuticals & rare disease,AGTC
healthcare services & people care,AHCO
healthcare services & equipment,AHPI
healthcare services & equipment & women's health,AIH
healthcare services & people care,AMED
pharmaceuticals & autoimmune disease,AMGN
pharmaceuticals & women's health,AMPH
pharmaceuticals,AMRN
pharmaceuticals & gastroenterological disease,AMTI
pharmaceuticals & cancer disease,ADXS
pharmaceuticals & rare disease,NMTR
healthcare services & equipment & cardiovascular,ANGO
healthcare services & equipment & implants,ANIK
pharmaceuticals & women's health,ANIP
pharmaceuticals & cancer disease,ANIX
pharmaceuticals,BVXV
healthcare services & equipment,BWAY
pharmaceuticals & cancer disease,BYSI
pharmaceuticals,CABA
pharmaceuticals & dystrophy disease,CAPR
pharmaceuticals,CARA
pharmaceuticals & cardiovascular disease,MNKD
pharmaceuticals & transplantology,CASI
pharmaceuticals & liver disease,CBAY
pharmaceuticals & drugs discovery,CBIO
pharmaceuticals & drugs discovery,CBLI
pharmaceuticals & drugs discovery,CCCC
healthcare services & hospitals,CCRN
pharmaceuticals,CCXI
pharmaceuticals & neurological disease,CDAK
healthcare services & equipment & diagnostics,CDMO
pharmaceuticals & transplantology,CDNA
pharmaceuticals & drugs discovery,CDTX
healthcare services & equipment,CDXC
healthcare services & equipment & diagnostics,CDXS
healthcare services & equipment & diagnostics,CELC
healthcare services & equipment & covid,CEMI
pharmaceuticals & rare disease,CERC
healthcare services & information technology,CERN
healthcare services & equipment & laboratory,CERS
healthcare services & equipment & implants,CFMS
pharmaceuticals & drugs discovery,CFRX
pharmaceuticals & cannabis,CGC
pharmaceuticals & transplantology,CGEN
healthcare services & equipment & diagnostics,CHEK
pharmaceuticals & rare disease,CHMA
healthcare services & information technology,CHNG
healthcare services & information technology,CHNGU
pharmaceuticals & liver disease,CHRS
pharmaceuticals,PBLA
pharmaceuticals & transplantology,CKPT
pharmaceuticals,CLBS
pharmaceuticals & transplantology,CLDX
healthcare services & equipment & implants,CLGN
pharmaceuticals & leukemia disease,CLLS
healthcare services & equipment & robotics,CLPT
pharmaceuticals & liver disease,CLRB
pharmaceuticals & eye disease,CLSD
pharmaceuticals,CLSN
pharmaceuticals & cancer disease,CLVS
pharmaceuticals,CLXT
pharmaceuticals,CMPS
pharmaceuticals & leukemia disease,CMRX
pharmaceuticals & dermatology,CNCE
pharmaceuticals & cancer disease,NCNA
pharmaceuticals & cancer disease,CNSP
pharmaceuticals & rare disease,CNTG
pharmaceuticals & kidney disease,RGLS
pharmaceuticals & respiratory disease,COCP
healthcare services & information technology,NRC
pharmaceuticals,CORT
pharmaceuticals,CPIX
pharmaceuticals,CPRX
healthcare services & information technology,CPSI
pharmaceuticals & cannabis,CRBP
pharmaceuticals & cancer disease,CRDF
pharmaceuticals & cancer disease,CRIS
pharmaceuticals & cardiovascular disease,CRMD
pharmaceuticals,CRNX
pharmaceuticals & cannabis,CRON
pharmaceuticals & dystrophy disease,CRSP
pharmaceuticals & neurological disease,CRTX
healthcare services & information technology,CRVL
pharmaceuticals & cancer disease,CRVS
pharmaceuticals & cancer disease,CSBR
healthcare services & equipment & cardiovascular,CSII
pharmaceuticals & dermatology,CSTL
pharmaceuticals & cancer disease,CTIC
pharmaceuticals & cancer disease,CTMX
healthcare services & equipment,CTSO
pharmaceuticals & cancer disease,CTXR
pharmaceuticals,CTXRW
pharmaceuticals & cancer disease,CUE
healthcare services & equipment & women's health,CUTR
healthcare services & equipment & animal health,CVET
pharmaceuticals,CWBR
pharmaceuticals,CYAD
pharmaceuticals & leukemia disease,CYCC
pharmaceuticals & leukemia disease,CYCCP
pharmaceuticals & neurological disease,CYCN
healthcare services & information technology,CYRX
pharmaceuticals,CYTK
healthcare services & equipment & women's health,DARE
pharmaceuticals,DBVT
pharmaceuticals & cancer disease,DCPH
pharmaceuticals & covid,DFFN
pharmaceuticals,SIGA
healthcare services & equipment & laboratory,SINT
pharmaceuticals & kidney disease,DMAC
healthcare services & equipment & diagnostics,DMTK
pharmaceuticals & neurological disease,DNLI
healthcare services & information technology,DRIO
pharmaceuticals & liver disease,DRNA
healthcare services & equipment & laboratory,DRRX
pharmaceuticals & leukemia disease,DTIL
pharmaceuticals & autoimmune disease,GOSS
pharmaceuticals & respiratory disease,DVAX
healthcare services & equipment & monitoring,DXCM
pharmaceuticals & covid,DYAI
healthcare services & equipment,DYNT
pharmaceuticals,EARS
pharmaceuticals & women's health,SCYX
healthcare services & equipment & laboratory,PDEX
healthcare services & equipment,ECOR
healthcare services & equipment & robotics,EDAP
pharmaceuticals & neurological disease,EDIT
pharmaceuticals & autoimmune disease,EDSA
healthcare services & information technology,MTBC
healthcare services & information technology,MTBCP
pharmaceuticals & leukemia disease,EGRX
pharmaceuticals,EIGR
healthcare services & equipment & robotics,EKSO
pharmaceuticals,ELOX
healthcare services & people care,MODV
pharmaceuticals & rare disease,SNGX
pharmaceuticals & man's health,ENDP
pharmaceuticals & covid,ENOB
healthcare services & people care,ENSG
pharmaceuticals & respiratory disease,ENTA
pharmaceuticals,ENTX
pharmaceuticals & women's health,EOLS
pharmaceuticals & liver disease,EPIX
pharmaceuticals,MTEM
pharmaceuticals & cancer disease,EPZM
pharmaceuticals,EQ
pharmaceuticals & cancer disease,ERYP
pharmaceuticals,ESPR
healthcare services & equipment & implants,ESTA
pharmaceuticals & liver disease,ETNB
pharmaceuticals,ETON
pharmaceuticals,ETTX
pharmaceuticals & women's health,EVFM
pharmaceuticals & drugs discovery,EVGN
pharmaceuticals & autoimmune disease,EVLO
pharmaceuticals & gastroenterological disease,EVOK
pharmaceuticals & cancer disease,EXAS
pharmaceuticals & cancer disease,EXEL
pharmaceuticals & eye disease,EYEG
pharmaceuticals & neurological disease,EYEN
healthcare services & equipment & implants,EYES
pharmaceuticals & eye disease,EYPT
pharmaceuticals & leukemia disease,FATE
pharmaceuticals & dermatology,FBIO
pharmaceuticals & dermatology,FBIOP
pharmaceuticals & autoimmune disease,MOR
pharmaceuticals & drugs discovery,MORF
pharmaceuticals,FENC
pharmaceuticals,FGEN
pharmaceuticals & rare disease,FIXX
healthcare services & equipment & laboratory,FLDM
healthcare services & equipment & covid,FLGT
pharmaceuticals & rare disease,FLXN
pharmaceuticals & rare disease,FOLD
healthcare services & equipment & diagnostics,FONR
pharmaceuticals & rare disease,FREQ
healthcare services & equipment,MOTS
pharmaceuticals & drugs discovery,FULC
healthcare services & people care,FVE
pharmaceuticals,FWP
pharmaceuticals & covid,GOVX
pharmaceuticals & liver disease,GALT
pharmaceuticals & transplantology,GBT
healthcare services & information technology,GDRX
healthcare services & equipment & diagnostics,GENE
pharmaceuticals & leukemia disease,GERN
healthcare services & equipment & monitoring,GRFS
pharmaceuticals & lung cancer disease,GRTS
pharmaceuticals & cancer disease,GRTX
pharmaceuticals & cardiovascular disease,ABIO
healthcare services & equipment & cardiovascular,ABMD
pharmaceuticals & cancer disease,GTBP
pharmaceuticals,ABUS
pharmaceuticals & cancer disease,GTHX
pharmaceuticals & lung cancer disease,HALO
pharmaceuticals & cannabis,ACB
pharmaceuticals & cancer disease,ACET
healthcare services & hospitals,ACHC
pharmaceuticals,ACHV
pharmaceuticals & cancer disease,PHIOW
pharmaceuticals & neurological disease,ACIU
pharmaceuticals & neurological disease,ACOR
pharmaceuticals & drugs discovery,ACRS
pharmaceuticals,ACRX
pharmaceuticals,ACST
pharmaceuticals & cancer disease,ADAP
pharmaceuticals,ADIL
healthcare services & information technology,STRM
pharmaceuticals & respiratory disease,ADMP
pharmaceuticals & neurological disease,ADMS
healthcare services & people care,ADUS
pharmaceuticals & eye disease,ADVM
pharmaceuticals & neurological disease,ACAD
healthcare services & information technology,ACCD
pharmaceuticals & rare disease,ACER
healthcare services & equipment & laboratory,HBIO
healthcare services & information technology,HCAT
pharmaceuticals & cancer disease,HCM
pharmaceuticals,HEPA
pharmaceuticals & leukemia disease,HGEN
healthcare services & equipment & cardiovascular,HJLI
healthcare services & equipment & women's health,HOLX
pharmaceuticals & drugs discovery,HOOK
pharmaceuticals & autoimmune disease,HOTH
healthcare services & information technology,HQY
pharmaceuticals,HROW
pharmaceuticals & drugs discovery,HRTX
healthcare services & equipment,HSDT
healthcare services & equipment,HSIC
healthcare services & equipment & animal health,HSKA
healthcare services & information technology,HSTM
pharmaceuticals & cancer disease,HTBX
healthcare services & equipment & laboratory,HTGM
pharmaceuticals,MREO
pharmaceuticals & liver disease,HZNP
healthcare services & equipment & implants,IART
pharmaceuticals & covid,IBRX
healthcare services & equipment & diagnostics,ICAD
pharmaceuticals & animal health,ICCC
pharmaceuticals & drugs discovery,ICLR
pharmaceuticals,ICPT
healthcare services & equipment & cardiovascular,ICUI
pharmaceuticals,IDRA
healthcare services & equipment & animal health,IDXX
pharmaceuticals & cancer disease,IDYA
pharmaceuticals & drugs discovery,IFRX
pharmaceuticals & transplantology,IGMS
pharmaceuticals & leukemia disease,MRKR
pharmaceuticals & liver disease,IMRN
healthcare services & equipment,IIN
healthcare services & equipment & laboratory,ILMN
pharmaceuticals,IMAB
healthcare services & hospitals,IMAC
pharmaceuticals,IMGN
pharmaceuticals & cancer disease,IMMP
pharmaceuticals & cancer disease,IMNM
pharmaceuticals & autoimmune disease,IMUX
pharmaceuticals & cancer disease,IMV
pharmaceuticals & autoimmune disease,IMVT
pharmaceuticals & cancer disease,INCY
pharmaceuticals,INFI
healthcare services & equipment,INGN
pharmaceuticals & cancer disease,INMB
healthcare services & equipment,INMD
pharmaceuticals,INO
healthcare services & information technology,INOV
pharmaceuticals & cardiovascular disease,INSM
pharmaceuticals & cardiovascular disease,INVA
healthcare services & equipment & women's health,INVO
pharmaceuticals,IONS
pharmaceuticals & cancer disease,IOVA
pharmaceuticals & cancer disease,IPHA
healthcare services & equipment,IRIX
healthcare services & equipment & diagnostics,IRMD
healthcare services & equipment & monitoring,IRTC
pharmaceuticals & gastroenterological disease,IRWD
pharmaceuticals & cancer disease,MRTX
pharmaceuticals & eye disease,ISEE
healthcare services & equipment,ISRG
pharmaceuticals & neurological disease,ITCI
healthcare services & equipment & monitoring,ITMR
pharmaceuticals,ITRM
pharmaceuticals & gastroenterological disease,JAGX
pharmaceuticals & sleep disorder,JAZZ
pharmaceuticals,MRUS
pharmaceuticals & transplantology,JNCE
healthcare services & hospitals,JYNT
pharmaceuticals,KALA
pharmaceuticals & eye disease,KALV
pharmaceuticals,KDMN
healthcare services & equipment,KEQU
healthcare services & equipment & implants,KIDS
pharmaceuticals & animal health,KIN
pharmaceuticals & drugs discovery,KLDO
pharmaceuticals & liver disease,KMDA
pharmaceuticals & autoimmune disease,KNSA
pharmaceuticals & eye disease,KOD
pharmaceuticals & cancer disease,KPTI
healthcare services & equipment,KRMD
pharmaceuticals & leukemia disease,KRON
pharmaceuticals & neurological disease,KRTX
pharmaceuticals & rare disease,KRYS
pharmaceuticals & leukemia disease,KURA
pharmaceuticals & cancer disease,KZIA
pharmaceuticals & cancer disease,KZR
pharmaceuticals & rare disease,SLNO
healthcare services & equipment & cardiovascular,LMAT
pharmaceuticals & drugs discovery,LGND
healthcare services & people care,LHCG
pharmaceuticals & respiratory disease,LIFE
healthcare services & equipment,NAOV
healthcare services & equipment & implants,LIVN
pharmaceuticals & drugs discovery,LIXT
pharmaceuticals,LJPC
pharmaceuticals & drugs discovery,LMNL
healthcare services & equipment & diagnostics,LNTH
pharmaceuticals & rare disease,LOGC
pharmaceuticals & man's health,LPCN
pharmaceuticals & lung cancer disease,LPTX
pharmaceuticals & cardiovascular disease,LQDA
pharmaceuticals & cancer disease,LTRN
healthcare services & equipment,LUNG
pharmaceuticals,LXRX
pharmaceuticals,MACK
healthcare services & equipment & monitoring,MASI
pharmaceuticals & rare disease,MBIO
healthcare services & equipment & robotics,MBOT
pharmaceuticals & leukemia disease,MBRX
pharmaceuticals & gastroenterological disease,MCRB
pharmaceuticals & man's health,NYMX
pharmaceuticals,MDGL
healthcare services & equipment,MDGS
healthcare services & information technology,MDRX
pharmaceuticals,MDWD
healthcare services & equipment & implants,MDXG
healthcare services & equipment,MEDP
pharmaceuticals & autoimmune disease,MEIP
healthcare services & equipment,MGLN
pharmaceuticals & cancer disease,MGNX
healthcare services & equipment & laboratory,MLAB
pharmaceuticals & transplantology,MGTA
pharmaceuticals,MGTX
healthcare services & equipment & covid,PRPO
pharmaceuticals,MIRM
pharmaceuticals & autoimmune disease,MIST
pharmaceuticals & rare disease,MITO
pharmaceuticals & neurological disease,MNOV
pharmaceuticals & cancer disease,MNPR
pharmaceuticals & covid,MRNA
pharmaceuticals & neurological disease,MRNS
pharmaceuticals & cancer disease,MRSN
healthcare services & equipment,MSON
pharmaceuticals & rare disease,MTP
healthcare services & equipment & diagnostics,MYGN
healthcare services & equipment & cardiovascular,NARI
pharmaceuticals & neurological disease,NBIX
pharmaceuticals & pneumonia disease,NBRV
pharmaceuticals & rare disease,NBSE
healthcare services & equipment & diagnostics,NDRA
healthcare services & equipment,NDRAW
healthcare services & equipment & diagnostics,NEO
healthcare services & equipment & animal health,NEOG
pharmaceuticals & neurological disease,NERV
pharmaceuticals & liver disease,NGM
healthcare services & information technology,NH
pharmaceuticals & cancer disease,NK
pharmaceuticals & drugs discovery,NKTR
pharmaceuticals & lung cancer disease,NLTX
healthcare services & equipment & monitoring,NMRD
healthcare services & equipment,NMTC
healthcare services & equipment & diagnostics,NNOX
pharmaceuticals & drugs discovery,NOTV
pharmaceuticals & dermatology,NOVN
pharmaceuticals & covid,NRBO
healthcare services & equipment & cardiovascular,NSPR
healthcare services & equipment & laboratory,NSTG
pharmaceuticals & neurological disease,NTEC
pharmaceuticals & rare disease,NTLA
pharmaceuticals & women's health,NTRA
healthcare services & equipment & monitoring,NURO
healthcare services & equipment & implants,NUVA
pharmaceuticals & covid,NVAX
healthcare services & equipment & cardiovascular,NVCN
healthcare services & equipment,NVCR
healthcare services & people care,NVOS
healthcare services & information technology,NXGN
pharmaceuticals & cancer disease,NXTC
pharmaceuticals & drugs discovery,OBSV
healthcare services & equipment & covid,OCDX
pharmaceuticals & eye disease,OCGN
pharmaceuticals & eye disease,OCUL
healthcare services & equipment & diagnostics,OCX
pharmaceuticals & cancer disease,ODT
healthcare services & equipment & implants,OFIX
pharmaceuticals & gastroenterological disease,SMMT
healthcare services & equipment & robotics,OMCL
pharmaceuticals,OMER
pharmaceuticals,ONCS
pharmaceuticals & leukemia disease,ONCT
healthcare services & information technology,ONEM
healthcare services & equipment & implants,ONVO
healthcare services & equipment & diagnostics,OPGN
pharmaceuticals,OPK
pharmaceuticals,OPNT
healthcare services & information technology,OPRX
pharmaceuticals & cardiovascular disease,OPTN
healthcare services & equipment & implants,ORGO
pharmaceuticals & rare disease,ORGS
pharmaceuticals,ORMP
pharmaceuticals & rare disease,ORTX
pharmaceuticals & neurological disease,OSMT
healthcare services & equipment & covid,OSUR
pharmaceuticals & neurological disease,OTIC
pharmaceuticals & eye disease,OTLK
healthcare services & information technology,OTRK
pharmaceuticals & rare disease,OVID
pharmaceuticals,OYST
healthcare services & equipment & laboratory,PACB
pharmaceuticals & animal health,PAHC
healthcare services & equipment,PAVM
healthcare services & equipment,PAVMW
pharmaceuticals & cancer disease,PBYI
pharmaceuticals & liver disease,PCRX
healthcare services & equipment & animal health,PDCO
pharmaceuticals & cancer disease,PDSB
healthcare services & equipment,PETQ
healthcare services & equipment & women's health,PGNY
pharmaceuticals & autoimmune disease,PHAS
pharmaceuticals & gastroenterological disease,PHAT
pharmaceuticals & cancer disease,PHIO
healthcare services & equipment,PINC
pharmaceuticals & transplantology,PIRS
healthcare services & equipment & dermatology,PLSE
pharmaceuticals,PLXP
healthcare services & people care,PNTG
healthcare services & equipment,POAI
healthcare services & equipment & implants,PODD
healthcare services & equipment,PPD
healthcare services & equipment,PROF
healthcare services & equipment & women's health,PROG
pharmaceuticals & man's health,PRPH
pharmaceuticals & neurological disease,PRQR
pharmaceuticals & neurological disease,PRTA
pharmaceuticals & pneumonia disease,PRTK
pharmaceuticals & autoimmune disease,PRVB
healthcare services & equipment & laboratory,PSNL
pharmaceuticals & drugs discovery,PSTI
pharmaceuticals & cancer disease,PSTV
pharmaceuticals & rare disease,PTCT
pharmaceuticals & neurological disease,PTIX
healthcare services & equipment & implants,PTE
pharmaceuticals & autoimmune disease,PTGX
pharmaceuticals & cancer disease,PULM
healthcare services & equipment & women's health,QDEL
healthcare services & equipment & covid,QTNT
healthcare services & equipment & laboratory,QTRX
pharmaceuticals & rare disease,QURE
pharmaceuticals & drugs discovery,RAPT
pharmaceuticals & rare disease,RARE
pharmaceuticals & dermatology,RCEL
pharmaceuticals & rare disease,RCKT
healthcare services & equipment,RCM
pharmaceuticals & gastroenterological disease,RDHL
healthcare services & equipment & diagnostics,RDNT
pharmaceuticals & autoimmune disease,RDUS
pharmaceuticals & eye disease,REGN
pharmaceuticals,REPH
pharmaceuticals & cancer disease,REPL
pharmaceuticals & drugs discovery,RETA
healthcare services & equipment,RGEN
pharmaceuticals,RGNX
pharmaceuticals & autoimmune disease,RIGL
pharmaceuticals & neurological disease,RLMD
pharmaceuticals & kidney disease,RMTI
pharmaceuticals & dystrophy disease,RNA
healthcare services & equipment & diagnostics,RNLX
pharmaceuticals,RPRX
pharmaceuticals & lung cancer disease,RUBY
pharmaceuticals,RVNC
healthcare services & equipment & robotics,RWLK
pharmaceuticals & rare disease,RYTM
pharmaceuticals & rare disease,RZLT
pharmaceuticals & neurological disease,SAGE
pharmaceuticals & neurological disease,SAVA
pharmaceuticals,SBBP
pharmaceuticals,SCPH
healthcare services & equipment,SDC
healthcare services & information technology,SDGR
pharmaceuticals & neurological disease,SEEL
healthcare services & equipment & laboratory,SEER
pharmaceuticals & dystrophy disease,SELB
pharmaceuticals & cancer disease,SESN
healthcare services & hospitals,SGRY
pharmaceuticals & cancer disease,SGEN
pharmaceuticals,SGMO
healthcare services & equipment & implants,SIBN
healthcare services & equipment & implants,SIEN
healthcare services & equipment & cardiovascular,SILK
pharmaceuticals & dystrophy disease,SLDB
pharmaceuticals & autoimmune disease,SLGL
healthcare services & information technology,SLP
pharmaceuticals & cancer disease,SLRX
pharmaceuticals & cancer disease,SLS
healthcare services & hospitals,SMED
pharmaceuticals & cannabis,SNDL
pharmaceuticals & cancer disease,SNDX
pharmaceuticals & animal health,SNES
pharmaceuticals & dermatology,SNOA
pharmaceuticals,SNY
healthcare services & equipment & dermatology,SOLY
healthcare services & equipment & implants,SPNE
pharmaceuticals & leukemia disease,SPPI
pharmaceuticals & rare disease,SPRO
healthcare services & equipment & cardiovascular,SRDX
pharmaceuticals,SRNE
pharmaceuticals & rare disease,SRPT
pharmaceuticals & drugs discovery,SRRA
pharmaceuticals & cancer disease,SRRK
healthcare services & equipment & robotics,SRTS
healthcare services & equipment & dermatology,SSKN
healthcare services & equipment & implants,STAA
healthcare services & equipment,STIM
pharmaceuticals & rare disease,STOK
pharmaceuticals & transplantology,STRO
pharmaceuticals,STSA
pharmaceuticals & cancer disease,STTK
pharmaceuticals & neurological disease,SUPN
pharmaceuticals & transplantology,SURF
pharmaceuticals & covid,SVA
pharmaceuticals & cardiovascular disease,SVRA
healthcare services & equipment & cardiovascular,SWAV
pharmaceuticals & autoimmune disease,SWTX
pharmaceuticals,SYBX
healthcare services & equipment & laboratory,SYNH
pharmaceuticals & cancer disease,SYRS
pharmaceuticals & autoimmune disease,TBIO
pharmaceuticals,TBPH
pharmaceuticals & kidney disease,TCDA
healthcare services & equipment & cardiovascular,TCMD
pharmaceuticals & cancer disease,TCON
pharmaceuticals & lung cancer disease,TCRR
healthcare services & equipment & diagnostics,TECH
healthcare services & equipment & robotics,TELA
pharmaceuticals & cardiovascular disease,TENX
pharmaceuticals & cardiovascular disease,TFFP
pharmaceuticals & transplantology,TGTX
healthcare services & equipment & robotics,THMO
pharmaceuticals & drugs discovery,THTX
healthcare services & hospitals,TIG
pharmaceuticals,TLC
pharmaceuticals & women's health,TLGT
pharmaceuticals & cannabis,TLRY
pharmaceuticals & autoimmune disease,TLSA
healthcare services & equipment & robotics,TMDI
healthcare services & equipment & monitoring,TMDX
healthcare services & equipment & implants,TNDM
pharmaceuticals,TNXP
pharmaceuticals & cancer disease,TPTX
healthcare services & information technology,TRHC
healthcare services & equipment & covid,TRIB
pharmaceuticals & cancer disease,TRIL
pharmaceuticals & neurological disease,TRVI
pharmaceuticals & neurological disease,TRVN
pharmaceuticals & liver disease,TTNP
healthcare services & equipment,TTOO
healthcare services & people care,TVTY
pharmaceuticals & transplantology,TWST
healthcare services & equipment & laboratory,TXG
pharmaceuticals & women's health,TXMD
pharmaceuticals & cancer disease,TYME
pharmaceuticals & eye disease,UBX
pharmaceuticals,URGN
pharmaceuticals & transplantology,UTHR
healthcare services & equipment,UTMD
pharmaceuticals & cancer disease,VBIV
pharmaceuticals & cancer disease,VBLT
pharmaceuticals & dystrophy disease,VCEL
pharmaceuticals & drugs discovery,VCNX
healthcare services & equipment & laboratory,VCYT
pharmaceuticals,VIR
healthcare services & equipment & women's health,VIVE
healthcare services & equipment & diagnostics,VIVO
pharmaceuticals & drugs discovery,VKTX
healthcare services & equipment,VMD
pharmaceuticals & sleep disorder,VNDA
healthcare services & equipment & diagnostics,VRAY
pharmaceuticals & dermatology,VRCA
healthcare services & equipment,VREX
pharmaceuticals & respiratory disease,VRNA
pharmaceuticals,VTRS
pharmaceuticals & autoimmune disease,VRTX
pharmaceuticals & cancer disease,VSTM
pharmaceuticals & neurological disease,VTGN
pharmaceuticals & drugs discovery,VTVT
pharmaceuticals & respiratory disease,VXRT
pharmaceuticals & neurological disease,VYGR
pharmaceuticals & cardiovascular disease,WINT
healthcare services & information technology,WORX
pharmaceuticals & neurological disease,WVE
healthcare services & equipment & covid,XAIR
pharmaceuticals & liver disease,XBIO
pharmaceuticals & drugs discovery,XBIOW
pharmaceuticals & covid,XBIT
pharmaceuticals & cancer disease,XCUR
pharmaceuticals & neurological disease,XENE
pharmaceuticals & cardiovascular disease,XENT
pharmaceuticals,XERS
pharmaceuticals & autoimmune disease,XFOR
healthcare services & equipment & diagnostics,XGN
pharmaceuticals & neurological disease,XLRN
pharmaceuticals & drugs discovery,XNCR
pharmaceuticals & drugs discovery,XOMA
healthcare services & equipment,XRAY
pharmaceuticals,XTLB
pharmaceuticals & cancer disease,YMAB
pharmaceuticals & animal health,YTEN
pharmaceuticals & drugs discovery,ZEAL
pharmaceuticals & rare disease,ZGNX
pharmaceuticals & cancer disease,ZIOP
pharmaceuticals & cancer disease,ZLAB
pharmaceuticals & cancer disease,ZNTL
healthcare services & equipment,ZSAN
pharmaceuticals & cannabis,ZYNE
healthcare services & equipment,ZYXI
healthcare services & equipment & covid,CODX
pharmaceuticals & rare disease,COGT
pharmaceuticals,COLL